<?xml version="1.0" encoding="UTF-8"?><CodeSystem xmlns="http://hl7.org/fhir"><id value="IgTypeCS"/><text><status value="generated"/><div xmlns="http://www.w3.org/1999/xhtml"><p>This code system http://hl7.org/fhir/us/national-directory/CodeSystem/IgTypeCS defines the following codes:</p><table class="codes"><tr><td style="white-space:nowrap"><b>Code</b></td><td><b>Display</b></td></tr><tr><td style="white-space:nowrap">FHIR<a name="IgTypeCS-FHIR"> </a></td><td>FHIR</td></tr><tr><td style="white-space:nowrap">direct<a name="IgTypeCS-direct"> </a></td><td>Direct</td></tr></table></div></text><url value="http://hl7.org/fhir/us/national-directory/CodeSystem/IgTypeCS"/><version value="0.0.1"/><name value="IgTypeCS"/><title value="IG Type"/><status value="active"/><date value="2021-12-16T09:47:40-05:00"/><publisher value="HL7 Patient Administration Working Group"/><contact><name value="HL7 Patient Administration Working Group"/><telecom><system value="url"/><value value="https://www.hl7.org/Special/committees/pafm/index.cfm"/></telecom><telecom><system value="email"/><value value="pafm@lists.HL7.org"/></telecom></contact><description value="IG Type"/><jurisdiction><coding><system value="urn:iso:std:iso:3166"/><code value="US"/></coding></jurisdiction><content value="complete"/><count value="2"/><concept><code value="FHIR"/><display value="FHIR"/></concept><concept><code value="direct"/><display value="Direct"/></concept></CodeSystem>