<?xml version="1.0" encoding="UTF-8"?><SearchParameter xmlns="http://hl7.org/fhir"><id value="careTeam-location"/><url value="https://build.fhir.org/ig/HL7/fhir-directory-exchange/SearchParameter-careteam-location.html"/><version value="1.0.0-ballot1"/><name value="NatDirExcareTeamLocationSearchParameter"/><derivedFrom value="http://hl7.org/fhir/SearchParameter/Resource-id"/><status value="active"/><date value="2022-07-27T12:20:48-04:00"/><publisher value="HL7 Patient Administration Working Group"/><contact><name value="HL7 Patient Administration Working Group"/><telecom><system value="url"/><value value="https://www.hl7.org/Special/committees/pafm/index.cfm"/></telecom><telecom><system value="email"/><value value="pafm@lists.HL7.org"/></telecom></contact><description value="This SearchParameter enables query of Careteams by `location` with `mutlipleOr` enabled."/><jurisdiction><coding><system value="urn:iso:std:iso:3166"/><code value="US"/></coding></jurisdiction><code value="location"/><base value="CareTeam"/><type value="token"/><multipleOr value="true"/></SearchParameter>