<?xml version="1.0" encoding="UTF-8"?><SearchParameter xmlns="http://hl7.org/fhir"><id value="Organization-type"/><url value="https://build.fhir.org/ig/HL7/fhir-directory-exchange/SearchParameter-Organization-type.html"/><version value="1.0.0-ballot"/><name value="NatDirExOrganizationTypeSearchParameter"/><derivedFrom value="http://hl7.org/fhir/SearchParameter/Resource-id"/><status value="active"/><date value="2022-08-03T17:01:06-04:00"/><publisher value="HL7 Patient Administration Working Group"/><contact><name value="HL7 Patient Administration Working Group"/><telecom><system value="url"/><value value="https://www.hl7.org/Special/committees/pafm"/></telecom><telecom><system value="email"/><value value="pafm@lists.HL7.org"/></telecom></contact><description value="This SearchParameter enables query of Organization by `type` with `mutlipleOr` enabled."/><jurisdiction><coding><system value="urn:iso:std:iso:3166"/><code value="US"/></coding></jurisdiction><code value="type"/><base value="Organization"/><type value="token"/><multipleOr value="true"/></SearchParameter>