<?xml version="1.0" encoding="UTF-8"?><SearchParameter xmlns="http://hl7.org/fhir"><id value="Endpoint-status"/><url value="https://build.fhir.org/ig/HL7/fhir-directory-exchange/SearchParameter-endpoint-status.html"/><version value="1.0.0"/><name value="NatDirExNatlDirEndpointQryStatus"/><status value="active"/><date value="2022-08-03T13:02:02-04:00"/><publisher value="HL7 Patient Administration Working Group"/><contact><name value="HL7 Patient Administration Working Group"/><telecom><system value="url"/><value value="https://www.hl7.org/Special/committees/pafm"/></telecom><telecom><system value="email"/><value value="pafm@lists.HL7.org"/></telecom></contact><description value="Accesses the status of an Endpoint"/><jurisdiction><coding><system value="urn:iso:std:iso:3166"/><code value="US"/></coding></jurisdiction><code value="status"/><base value="Endpoint"/><type value="token"/><expression value="Endpoint.status"/><multipleOr value="true"/><multipleAnd value="true"/></SearchParameter>