<?xml version="1.0" encoding="UTF-8"?><SearchParameter xmlns="http://hl7.org/fhir"><id value="Endpoint-identifier"/><url value="https://build.fhir.org/ig/HL7/fhir-directory-exchange/SearchParameter-endpoint-identifier.html"/><version value="1.0.0-ballot1"/><name value="NatDirExNatlDirEndpointQryIdentifier"/><status value="active"/><date value="2022-07-25T13:43:16-05:00"/><publisher value="HL7 Patient Administration Working Group"/><contact><name value="HL7 Patient Administration Working Group"/><telecom><system value="url"/><value value="https://www.hl7.org/Special/committees/pafm/index.cfm"/></telecom><telecom><system value="email"/><value value="pafm@lists.HL7.org"/></telecom></contact><description value="Accesses the  identifier of an Endpoint"/><jurisdiction><coding><system value="urn:iso:std:iso:3166"/><code value="US"/></coding></jurisdiction><code value="identifier"/><base value="Endpoint"/><type value="token"/><expression value="Endpoint.identifier"/><multipleOr value="true"/><multipleAnd value="true"/></SearchParameter>