<?xml version="1.0" encoding="UTF-8"?>

<CapabilityStatement xmlns="http://hl7.org/fhir">
  <id value="fhir-national-directory"/>
  <text>
    <status value="extensions"/><div xmlns="http://www.w3.org/1999/xhtml"><h2>CapabilityStatementFhirNationalDirectory</h2><div><p>Capabilities for a validated national directory server</p>
</div><table><tr><td>Mode</td><td>SERVER</td></tr><tr><td>Description</td><td><div><table class="grid">
<thead>
<tr><th>Resource Type</th><th>Supported Interactions</th><th>Supported Profiles</th><th>Supported Searches</th><th>Supported <code>_includes</code></th><th>Supported <code>_revincludes</code></th><th>Supported Operations</th></tr>
</thead>
<tbody>
<tr><td>endpoint</td><td/><td><a href="https://build.fhir.org/ig/HL7/fhir-directory-query/StructureDefinition-NatlDirEndpointQry-HealthcareService.html">https://build.fhir.org/ig/HL7/fhir-directory-query/StructureDefinition-NatlDirEndpointQry-HealthcareService.html</a></td><td>identifier, usecase-type</td><td/><td/><td/></tr>
<tr><td>healthcare Service</td><td/><td><a href="https://build.fhir.org/ig/HL7/fhir-directory-query/StructureDefinition-NatlDirEndpointQry-HealthcareService.html">https://build.fhir.org/ig/HL7/fhir-directory-query/StructureDefinition-NatlDirEndpointQry-HealthcareService.html</a></td><td>service-category, coverage-area, endpoint, location, name, organization, specialty, service-type</td><td/><td/><td/></tr>
<tr><td>InsurancePlan</td><td/><td><a href="https://build.fhir.org/ig/HL7/fhir-directory-query/StructureDefinition-NatlDirEndpointQry-InsurancePlan.html">https://build.fhir.org/ig/HL7/fhir-directory-query/StructureDefinition-NatlDirEndpointQry-InsurancePlan.html</a></td><td>coverage-area, administrated-by, coverage-benefit-type, coverage-network, identifier, type, name, owned-by</td><td/><td/><td/></tr>
<tr><td>location</td><td/><td><a href="https://build.fhir.org/ig/HL7/fhir-directory-query/StructureDefinition-NatlDirEndpointQry-Location.html">https://build.fhir.org/ig/HL7/fhir-directory-query/StructureDefinition-NatlDirEndpointQry-Location.html</a></td><td>address, endpoint, organization, physicalType, partOf, type</td><td/><td/><td/></tr>
<tr><td>network</td><td/><td><a href="https://build.fhir.org/ig/HL7/fhir-directory-query/StructureDefinition-NatlDirEndpointQry-Network.html">https://build.fhir.org/ig/HL7/fhir-directory-query/StructureDefinition-NatlDirEndpointQry-Network.html</a></td><td>coverage-area, name</td><td/><td/><td/></tr>
<tr><td>Organization</td><td/><td><a href="https://build.fhir.org/ig/HL7/fhir-directory-query/StructureDefinition-NatlDirEndpointQry-Organization.html">https://build.fhir.org/ig/HL7/fhir-directory-query/StructureDefinition-NatlDirEndpointQry-Organization.html</a></td><td>type, address, endpoint, identifier, name, partOf</td><td/><td/><td/></tr>
<tr><td>OrganizationAffiliation</td><td/><td><a href="https://build.fhir.org/ig/HL7/fhir-directory-query/StructureDefinition-NatlDirEndpointQry-OrganizationAffiliation.html">https://build.fhir.org/ig/HL7/fhir-directory-query/StructureDefinition-NatlDirEndpointQry-OrganizationAffiliation.html</a></td><td>endpoint, location, network, participating-organization, primary-organization, role, service, specialty</td><td/><td/><td/></tr>
<tr><td>Practitioner</td><td/><td><a href="https://build.fhir.org/ig/HL7/fhir-directory-query/StructureDefinition-NatlDirEndpointQry-Practitioner.html">https://build.fhir.org/ig/HL7/fhir-directory-query/StructureDefinition-NatlDirEndpointQry-Practitioner.html</a></td><td>name, family, given, identifier, identifier-assigner, qualification-code, qualification-issuer</td><td/><td/><td/></tr>
<tr><td>PractitionerRole</td><td/><td><a href="https://build.fhir.org/ig/HL7/fhir-directory-query/StructureDefinition-NatlDirEndpointQry-PractitionerRole.html">https://build.fhir.org/ig/HL7/fhir-directory-query/StructureDefinition-NatlDirEndpointQry-PractitionerRole.html</a></td><td>endpoint, location, network, organization, Practicioner, role, service, specialty</td><td/><td/><td/></tr>
<tr><td>Restriction</td><td/><td><a href="https://build.fhir.org/ig/HL7/fhir-directory-query/StructureDefinition-NatlDir-Restriction.html">https://build.fhir.org/ig/HL7/fhir-directory-query/StructureDefinition-NatlDir-Restriction.html</a></td><td>_id, _id, _lastUpdated, plan-type, name, coverage-area, owned=by, administrated-by</td><td/><td/><td/></tr>
<tr><td>Validation</td><td/><td><a href="https://build.fhir.org/ig/HL7/fhir-directory-query/StructureDefinition-NatlDir-Verification.html">https://build.fhir.org/ig/HL7/fhir-directory-query/StructureDefinition-NatlDir-Verification.html</a></td><td>attestation-who, primarysource-who, target</td><td/><td/><td/></tr>
<tr><td>CareTeam</td><td/><td><a href="https://build.fhir.org/ig/HL7/fhir-directory-query/StructureDefinition-NatlDirEndpointQry-CareTeam.html">https://build.fhir.org/ig/HL7/fhir-directory-query/StructureDefinition-NatlDirEndpointQry-CareTeam.html</a></td><td>endpoint, location, name, organization, service, category</td><td/><td/><td/></tr>
</tbody>
</table>
<h4>CareTeam</h4>
<p>Conformance Expectation:	<strong>SHOULD</strong></p>
<p>Supported Profiles:</p>
<ul>
<li><strong>SHOULD</strong> support:<a href="https://build.fhir.org/ig/HL7/fhir-directory-query/StructureDefinition-NatlDirEndpointQry-CareTeam.html">(https://build.fhir.org/ig/HL7/fhir-directory-query/StructureDefinition-NatlDirEndpointQry-CareTeam.html)</a></li>
</ul>
<h4>endpoint</h4>
<p>Conformance Expectation:	<strong>SHALL</strong></p>
<p>Supported Profiles:</p>
<ul>
<li><strong>SHALL</strong> support:<a href="https://build.fhir.org/ig/HL7/fhir-directory-query/StructureDefinition-NatlDirEndpointQry-Endpoint.html">(https://build.fhir.org/ig/HL7/fhir-directory-query/StructureDefinition-NatlDirEndpointQry-Endpoint.html)</a></li>
</ul>
<h4>healthcareService</h4>
<p>Conformance Expectation:	<strong>SHALL</strong></p>
<p>Supported Profiles:</p>
<ul>
<li><strong>SHALL</strong> support:<a href="https://build.fhir.org/ig/HL7/fhir-directory-query/StructureDefinition-NatlDirEndpointQry-HealthcareService.html">(https://build.fhir.org/ig/HL7/fhir-directory-query/StructureDefinition-NatlDirEndpointQry-HealthcareService.html)</a></li>
</ul>
<h4>InsurancePlan</h4>
<p>Conformance Expectation:	<strong>SHALL</strong></p>
<p>Supported Profiles:</p>
<ul>
<li><strong>SHALL</strong> support:<a href="https://build.fhir.org/ig/HL7/fhir-directory-query/StructureDefinition-NatlDirEndpointQry-InsurancePlan.html">(https://build.fhir.org/ig/HL7/fhir-directory-query/StructureDefinition-NatlDirEndpointQry-InsurancePlan.html)</a></li>
</ul>
<h4>location</h4>
<p>Conformance Expectation:	<strong>SHALL</strong></p>
<p>Supported Profiles:</p>
<ul>
<li><strong>SHALL</strong> support:<a href="https://build.fhir.org/ig/HL7/fhir-directory-query/StructureDefinition-NatlDirEndpointQry-Location.html">(https://build.fhir.org/ig/HL7/fhir-directory-query/StructureDefinition-NatlDirEndpointQry-Location.html)</a></li>
</ul>
<h4>network</h4>
<p>Conformance Expectation:	<strong>SHOULD</strong></p>
<p>Supported Profiles:</p>
<ul>
<li><strong>SHOULD</strong> support:<a href="https://build.fhir.org/ig/HL7/fhir-directory-query/StructureDefinition-NatlDirEndpointQry-Network.html">(https://build.fhir.org/ig/HL7/fhir-directory-query/StructureDefinition-NatlDirEndpointQry-Network.html)</a></li>
</ul>
<h4>organization</h4>
<p>Conformance Expectation:	<strong>SHALL</strong></p>
<p>Supported Profiles:</p>
<ul>
<li><strong>SHALL</strong> support:<a href="https://build.fhir.org/ig/HL7/fhir-directory-query/StructureDefinition-NatlDirEndpointQry-organization.html">(https://build.fhir.org/ig/HL7/fhir-directory-query/StructureDefinition-NatlDirEndpointQry-organization.html)</a></li>
</ul>
<h4>OrganizationAffiliation</h4>
<p>Conformance Expectation:	<strong>SHALL</strong></p>
<p>Supported Profiles:</p>
<ul>
<li><strong>SHALL</strong> support:<a href="https://build.fhir.org/ig/HL7/fhir-directory-query/StructureDefinition-NatlDirEndpointQry-OrganizationAffiliation.html">(https://build.fhir.org/ig/HL7/fhir-directory-query/StructureDefinition-NatlDirEndpointQry-OrganizationAffiliation.html)</a></li>
</ul>
<h4>Practitioner</h4>
<p>Conformance Expectation:	<strong>SHALL</strong></p>
<p>Supported Profiles:</p>
<ul>
<li><strong>SHALL</strong> support:<a href="https://build.fhir.org/ig/HL7/fhir-directory-query/StructureDefinition-NatlDirEndpointQry-Practitioner.html">(https://build.fhir.org/ig/HL7/fhir-directory-query/StructureDefinition-NatlDirEndpointQry-Practitioner.html)</a></li>
</ul>
<h4>PractitionerRole</h4>
<p>Conformance Expectation:	<strong>SHALL</strong></p>
<p>Supported Profiles:</p>
<ul>
<li><strong>SHALL</strong> support:<a href="https://build.fhir.org/ig/HL7/fhir-directory-query/StructureDefinition-NatlDirEndpointQry-PractitionerRole.html">(https://build.fhir.org/ig/HL7/fhir-directory-query/StructureDefinition-NatlDirEndpointQry-PractitionerRole.html)</a></li>
</ul>
<h4>Restriction</h4>
<p>Conformance Expectation:	<strong>SHALL</strong></p>
<p>Supported Profiles:</p>
<ul>
<li><strong>SHALL</strong> support:<a href="https://build.fhir.org/ig/HL7/fhir-directory-query/StructureDefinition-NatlDir-Restriction.html">(https://build.fhir.org/ig/HL7/fhir-directory-query/StructureDefinition-NatlDir-Restriction.html)</a></li>
</ul>
<h4>Validation</h4>
<p>Conformance Expectation:	<strong>MAY</strong></p>
<p>Supported Profiles:</p>
<ul>
<li><strong>MAY</strong> support:<a href="https://build.fhir.org/ig/HL7/fhir-directory-query/StructureDefinition-NatlDir-Verification.html">(https://build.fhir.org/ig/HL7/fhir-directory-query/StructureDefinition-NatlDir-Verification.html)</a></li>
</ul>
</div></td></tr><tr><td>Transaction</td><td></td></tr><tr><td>System History</td><td></td></tr><tr><td>System Search</td><td></td></tr></table><table><tr><th><b>Resource Type</b></th><th><b>Profile</b></th><th><b title="GET a resource (read interaction)">Read</b></th><th><b title="GET all set of resources of the type (search interaction)">Search</b></th><th><b title="PUT a new resource version (update interaction)">Update</b></th><th><b title="POST a new resource (create interaction)">Create</b></th></tr><tr><td>Endpoint</td><td>Supported profiles:<br/>  <a href="https://build.fhir.org/ig/HL7/fhir-directory-exchange/StructureDefinition-NatlDirEndpointQry-EndpointComplete.html">https://build.fhir.org/ig/HL7/fhir-directory-exchange/StructureDefinition-NatlDirEndpointQry-EndpointComplete.html</a></td><td></td><td></td><td></td><td></td></tr><tr><td>HealthcareService</td><td>Supported profiles:<br/>  <a href="https://build.fhir.org/ig/HL7/fhir-directory-exchange/StructureDefinition-NatlDirEndpointQry-HealthcareServiceComplete.html">https://build.fhir.org/ig/HL7/fhir-directory-exchange/StructureDefinition-NatlDirEndpointQry-HealthcareServiceComplete.html</a></td><td></td><td></td><td></td><td></td></tr><tr><td>InsurancePlan</td><td>Supported profiles:<br/>  <a href="https://build.fhir.org/ig/HL7/fhir-directory-exchange/StructureDefinition-NatlDirEndpointQry-InsurancePlanComplete.html">https://build.fhir.org/ig/HL7/fhir-directory-exchange/StructureDefinition-NatlDirEndpointQry-InsurancePlanComplete.html</a></td><td></td><td></td><td></td><td></td></tr><tr><td>Location</td><td>Supported profiles:<br/>  <a href="https://build.fhir.org/ig/HL7/fhir-directory-exchange/StructureDefinition-NatlDirEndpointQry-locationComplete.html">https://build.fhir.org/ig/HL7/fhir-directory-exchange/StructureDefinition-NatlDirEndpointQry-locationComplete.html</a></td><td></td><td></td><td></td><td></td></tr><tr><td>Organization</td><td>Supported profiles:<br/>  <a href="https://build.fhir.org/ig/HL7/fhir-directory-exchange/StructureDefinition-NatlDirEndpointQry-organizationComplete.html">https://build.fhir.org/ig/HL7/fhir-directory-exchange/StructureDefinition-NatlDirEndpointQry-organizationComplete.html</a><br/>  <a href="https://build.fhir.org/ig/HL7/fhir-directory-exchange/StructureDefinition-NatlDirEndpointQry-networkComplete.html">https://build.fhir.org/ig/HL7/fhir-directory-exchange/StructureDefinition-NatlDirEndpointQry-networkComplete.html</a></td><td></td><td></td><td></td><td></td></tr><tr><td>OrganizationAffiliation</td><td>Supported profiles:<br/>  <a href="https://build.fhir.org/ig/HL7/fhir-directory-exchange/StructureDefinition-NatlDirEndpointQry-organizationAffiliationComplete.html">https://build.fhir.org/ig/HL7/fhir-directory-exchange/StructureDefinition-NatlDirEndpointQry-organizationAffiliationComplete.html</a></td><td></td><td></td><td></td><td></td></tr><tr><td>Practitioner</td><td>Supported profiles:<br/>  <a href="https://build.fhir.org/ig/HL7/fhir-directory-exchange/StructureDefinition-NatlDirEndpointQry-PractitionerComplete.html">https://build.fhir.org/ig/HL7/fhir-directory-exchange/StructureDefinition-NatlDirEndpointQry-PractitionerComplete.html</a></td><td></td><td></td><td></td><td></td></tr><tr><td>PractitionerRole</td><td>Supported profiles:<br/>  <a href="https://build.fhir.org/ig/HL7/fhir-directory-exchange/StructureDefinition-NatlDirEndpointQry-PractitionerRoleComplete.html">https://build.fhir.org/ig/HL7/fhir-directory-exchange/StructureDefinition-NatlDirEndpointQry-PractitionerRoleComplete.html</a></td><td></td><td></td><td></td><td></td></tr><tr><td>Consent</td><td>Supported profiles:<br/>  <a href="https://build.fhir.org/ig/HL7/fhir-directory-exchange/StructureDefinition-NatlDirEndpointQry-Restriction.html">https://build.fhir.org/ig/HL7/fhir-directory-exchange/StructureDefinition-NatlDirEndpointQry-Restriction.html</a></td><td></td><td></td><td></td><td></td></tr><tr><td>VerificationResult</td><td>Supported profiles:<br/>  <a href="https://build.fhir.org/ig/HL7/fhir-directory-exchange/StructureDefinition-NatlDirEndpointQry-ValidationComplete.html">https://build.fhir.org/ig/HL7/fhir-directory-exchange/StructureDefinition-NatlDirEndpointQry-ValidationComplete.html</a></td><td></td><td></td><td></td><td></td></tr><tr><td>CareTeam</td><td>Supported profiles:<br/>  <a href="https://build.fhir.org/ig/HL7/fhir-directory-exchange/StructureDefinition-NatlDirEndpointQry-CareTeamComplete.html">https://build.fhir.org/ig/HL7/fhir-directory-exchange/StructureDefinition-NatlDirEndpointQry-CareTeamComplete.html</a></td><td></td><td></td><td></td><td></td></tr></table></div>
  </text>
  <url value="http://hl7.org/fhir/us/fhir-directory-exchange/CapabilityStatement/fhir-national-directory"/>
  <version value="1.0.0"/>
  <name value="CapabilityStatementFhirNationalDirectory"/>
  <title value="Capability Statement National Directory"/>
  <status value="draft"/>
  <experimental value="true"/>
  <date value="2022-02-15T07:15:00.000000-04:00"/>
  <publisher value="HL7 Patient Administration Working Group"/>
  <contact>
    <name value="HL7 Patient Administration Working Group"/>
    <telecom>
      <system value="url"/>
      <value value="https://www.hl7.org/Special/committees/pafm"/>
    </telecom>
    <telecom>
      <system value="email"/>
      <value value="pafm@lists.HL7.org"/>
    </telecom>
  </contact>
  <description value="Capabilities for a validated national directory server"/>
  <jurisdiction>
    <coding>
      <system value="urn:iso:std:iso:3166"/>
      <code value="US"/>
    </coding>
  </jurisdiction>
  <kind value="requirements"/>
  <fhirVersion value="4.0.1"/>
  <format value="xml"/>
  <format value="json"/>
  <implementationGuide value="https://build.fhir.org/ig/HL7/fhir-directory-exchange/"/>
  <rest>
    <mode value="server"/>
    <documentation value=" Resource Type | Supported Interactions | Supported Profiles | Supported Searches | Supported `_includes` | Supported `_revincludes` | Supported Operations |&#xA;| --- | --- | --- | --- | --- | --- | --- |&#xA;| endpoint |     | [https://build.fhir.org/ig/HL7/fhir-directory-query/StructureDefinition-NatlDirEndpointQry-HealthcareService.html](https://build.fhir.org/ig/HL7/fhir-directory-query/StructureDefinition-NatlDirEndpointQry-HealthcareService.html) | identifier, usecase-type |     |     |     |&#xA;| healthcare Service|     | [https://build.fhir.org/ig/HL7/fhir-directory-query/StructureDefinition-NatlDirEndpointQry-HealthcareService.html](https://build.fhir.org/ig/HL7/fhir-directory-query/StructureDefinition-NatlDirEndpointQry-HealthcareService.html) | service-category, coverage-area, endpoint, location, name, organization, specialty, service-type |     |     |     |&#xA;| InsurancePlan |     | [https://build.fhir.org/ig/HL7/fhir-directory-query/StructureDefinition-NatlDirEndpointQry-InsurancePlan.html](https://build.fhir.org/ig/HL7/fhir-directory-query/StructureDefinition-NatlDirEndpointQry-InsurancePlan.html) | coverage-area, administrated-by, coverage-benefit-type, coverage-network, identifier, type, name, owned-by |     |     |     |&#xA;| location |     | [https://build.fhir.org/ig/HL7/fhir-directory-query/StructureDefinition-NatlDirEndpointQry-Location.html](https://build.fhir.org/ig/HL7/fhir-directory-query/StructureDefinition-NatlDirEndpointQry-Location.html) | address, endpoint, organization, physicalType, partOf, type |     |     |     |&#xA;| network |     | [https://build.fhir.org/ig/HL7/fhir-directory-query/StructureDefinition-NatlDirEndpointQry-Network.html](https://build.fhir.org/ig/HL7/fhir-directory-query/StructureDefinition-NatlDirEndpointQry-Network.html) | coverage-area, name |     |     |     |&#xA;| Organization |     | [https://build.fhir.org/ig/HL7/fhir-directory-query/StructureDefinition-NatlDirEndpointQry-Organization.html](https://build.fhir.org/ig/HL7/fhir-directory-query/StructureDefinition-NatlDirEndpointQry-Organization.html) | type, address, endpoint, identifier, name, partOf |     |     |     |&#xA;| OrganizationAffiliation |     | [https://build.fhir.org/ig/HL7/fhir-directory-query/StructureDefinition-NatlDirEndpointQry-OrganizationAffiliation.html](https://build.fhir.org/ig/HL7/fhir-directory-query/StructureDefinition-NatlDirEndpointQry-OrganizationAffiliation.html) | endpoint, location, network, participating-organization, primary-organization, role, service, specialty |     |     |     |&#xA;| Practitioner |     | [https://build.fhir.org/ig/HL7/fhir-directory-query/StructureDefinition-NatlDirEndpointQry-Practitioner.html](https://build.fhir.org/ig/HL7/fhir-directory-query/StructureDefinition-NatlDirEndpointQry-Practitioner.html) | name, family, given, identifier, identifier-assigner, qualification-code, qualification-issuer |     |     |     |&#xA;| PractitionerRole |     | [https://build.fhir.org/ig/HL7/fhir-directory-query/StructureDefinition-NatlDirEndpointQry-PractitionerRole.html](https://build.fhir.org/ig/HL7/fhir-directory-query/StructureDefinition-NatlDirEndpointQry-PractitionerRole.html) | endpoint, location, network, organization, Practicioner, role, service, specialty|     |     |     |&#xA;| Restriction |     | [https://build.fhir.org/ig/HL7/fhir-directory-query/StructureDefinition-NatlDir-Restriction.html](https://build.fhir.org/ig/HL7/fhir-directory-query/StructureDefinition-NatlDir-Restriction.html) | _id, _id, _lastUpdated, plan-type, name, coverage-area, owned=by, administrated-by|     |     |     |&#xA;| Validation |     | [https://build.fhir.org/ig/HL7/fhir-directory-query/StructureDefinition-NatlDir-Verification.html](https://build.fhir.org/ig/HL7/fhir-directory-query/StructureDefinition-NatlDir-Verification.html) | attestation-who, primarysource-who, target |     |     |     |&#xA;| CareTeam |     | [https://build.fhir.org/ig/HL7/fhir-directory-query/StructureDefinition-NatlDirEndpointQry-CareTeam.html](https://build.fhir.org/ig/HL7/fhir-directory-query/StructureDefinition-NatlDirEndpointQry-CareTeam.html) | endpoint, location, name, organization, service, category |     |     |     |&#xA;&#xA;#### CareTeam&#xA;&#xA;Conformance Expectation:&#x9;**SHOULD**&#xA;&#xA;Supported Profiles:&#xA;&#xA;* **SHOULD** support:[(https://build.fhir.org/ig/HL7/fhir-directory-query/StructureDefinition-NatlDirEndpointQry-CareTeam.html)](https://build.fhir.org/ig/HL7/fhir-directory-query/StructureDefinition-NatlDirEndpointQry-CareTeam.html)&#xA;&#xA;#### endpoint&#xA;&#xA;Conformance Expectation:&#x9;**SHALL**&#xA;&#xA;Supported Profiles:&#xA;&#xA;* **SHALL** support:[(https://build.fhir.org/ig/HL7/fhir-directory-query/StructureDefinition-NatlDirEndpointQry-Endpoint.html)](https://build.fhir.org/ig/HL7/fhir-directory-query/StructureDefinition-NatlDirEndpointQry-Endpoint.html)&#xA;&#xA;&#xA;#### healthcareService&#xA;&#xA;Conformance Expectation:&#x9;**SHALL**&#xA;&#xA;Supported Profiles:&#xA;&#xA;* **SHALL** support:[(https://build.fhir.org/ig/HL7/fhir-directory-query/StructureDefinition-NatlDirEndpointQry-HealthcareService.html)](https://build.fhir.org/ig/HL7/fhir-directory-query/StructureDefinition-NatlDirEndpointQry-HealthcareService.html)&#xA;&#xA;#### InsurancePlan&#xA;&#xA;Conformance Expectation:&#x9;**SHALL**&#xA;&#xA;Supported Profiles:&#xA;&#xA;* **SHALL** support:[(https://build.fhir.org/ig/HL7/fhir-directory-query/StructureDefinition-NatlDirEndpointQry-InsurancePlan.html)](https://build.fhir.org/ig/HL7/fhir-directory-query/StructureDefinition-NatlDirEndpointQry-InsurancePlan.html)&#xA;&#xA;#### location&#xA;&#xA;Conformance Expectation:&#x9;**SHALL**&#xA;&#xA;Supported Profiles:&#xA;&#xA;* **SHALL** support:[(https://build.fhir.org/ig/HL7/fhir-directory-query/StructureDefinition-NatlDirEndpointQry-Location.html)](https://build.fhir.org/ig/HL7/fhir-directory-query/StructureDefinition-NatlDirEndpointQry-Location.html)&#xA;&#xA;#### network&#xA;&#xA;Conformance Expectation:&#x9;**SHOULD**&#xA;&#xA;Supported Profiles:&#xA;&#xA;* **SHOULD** support:[(https://build.fhir.org/ig/HL7/fhir-directory-query/StructureDefinition-NatlDirEndpointQry-Network.html)](https://build.fhir.org/ig/HL7/fhir-directory-query/StructureDefinition-NatlDirEndpointQry-Network.html)&#xA;&#xA;#### organization&#xA;&#xA;Conformance Expectation:&#x9;**SHALL**&#xA;&#xA;Supported Profiles:&#xA;&#xA;* **SHALL** support:[(https://build.fhir.org/ig/HL7/fhir-directory-query/StructureDefinition-NatlDirEndpointQry-organization.html)](https://build.fhir.org/ig/HL7/fhir-directory-query/StructureDefinition-NatlDirEndpointQry-organization.html)&#xA;&#xA;#### OrganizationAffiliation&#xA;&#xA;Conformance Expectation:&#x9;**SHALL**&#xA;&#xA;Supported Profiles:&#xA;&#xA;* **SHALL** support:[(https://build.fhir.org/ig/HL7/fhir-directory-query/StructureDefinition-NatlDirEndpointQry-OrganizationAffiliation.html)](https://build.fhir.org/ig/HL7/fhir-directory-query/StructureDefinition-NatlDirEndpointQry-OrganizationAffiliation.html)&#xA;&#xA;#### Practitioner&#xA;&#xA;Conformance Expectation:&#x9;**SHALL**&#xA;&#xA;Supported Profiles:&#xA;&#xA;* **SHALL** support:[(https://build.fhir.org/ig/HL7/fhir-directory-query/StructureDefinition-NatlDirEndpointQry-Practitioner.html)](https://build.fhir.org/ig/HL7/fhir-directory-query/StructureDefinition-NatlDirEndpointQry-Practitioner.html)&#xA;&#xA;#### PractitionerRole&#xA;&#xA;Conformance Expectation:&#x9;**SHALL**&#xA;&#xA;Supported Profiles:&#xA;&#xA;* **SHALL** support:[(https://build.fhir.org/ig/HL7/fhir-directory-query/StructureDefinition-NatlDirEndpointQry-PractitionerRole.html)](https://build.fhir.org/ig/HL7/fhir-directory-query/StructureDefinition-NatlDirEndpointQry-PractitionerRole.html)&#xA;&#xA;#### Restriction&#xA;&#xA;Conformance Expectation:&#x9;**SHALL**&#xA;&#xA;Supported Profiles:&#xA;&#xA;* **SHALL** support:[(https://build.fhir.org/ig/HL7/fhir-directory-query/StructureDefinition-NatlDir-Restriction.html)](https://build.fhir.org/ig/HL7/fhir-directory-query/StructureDefinition-NatlDir-Restriction.html)&#xA;&#xA;#### Validation&#xA;&#xA;Conformance Expectation:&#x9;**MAY**&#xA;&#xA;Supported Profiles:&#xA;&#xA;* **MAY** support:[(https://build.fhir.org/ig/HL7/fhir-directory-query/StructureDefinition-NatlDir-Verification.html)](https://build.fhir.org/ig/HL7/fhir-directory-query/StructureDefinition-NatlDir-Verification.html)&#xA;&#xA;"/>
    <security>
      <description value="1. See the [General Security Considerations](https://www.hl7.org/fhir/security.html#general) section for requirements and recommendations.&#xA;1. A client **SHALL** reject any unauthorized requests by returning an `HTTP 401` unauthorized response code."/>
    </security>
    <resource>
      <type value="Endpoint"/>
      <supportedProfile value="https://build.fhir.org/ig/HL7/fhir-directory-exchange/StructureDefinition-NatlDirEndpointQry-EndpointComplete.html">
        <extension url="http://hl7.org/fhir/StructureDefinition/capabilitystatement-expectation">
          <valueCode value="SHALL"/>
        </extension>
      </supportedProfile>
      <searchParam>
        <extension url="http://hl7.org/fhir/StructureDefinition/capabilitystatement-expectation">
          <valueCode value="SHALL"/>
        </extension>
        <name value="identifier"/>
        <definition value="https://build.fhir.org/ig/HL7/fhir-directory-exchange/SearchParameter-EndpointComplete-identifier"/>
        <type value="token"/>
      </searchParam>
      <searchParam>
        <extension url="http://hl7.org/fhir/StructureDefinition/capabilitystatement-expectation">
          <valueCode value="SHALL"/>
        </extension>
        <name value="connection-type"/>
        <definition value="https://build.fhir.org/ig/HL7/fhir-directory-exchange/SearchParameter-EndpointComplete-connection-type.html"/>
        <type value="token"/>
      </searchParam>
      <searchParam>
        <extension url="http://hl7.org/fhir/StructureDefinition/capabilitystatement-expectation">
          <valueCode value="SHALL"/>
        </extension>
        <name value="mime-type"/>
        <definition value="https://build.fhir.org/ig/HL7/fhir-directory-exchange/SearchParameter-EndpointComplete-mime-type.html"/>
        <type value="token"/>
      </searchParam>
      <searchParam>
        <extension url="http://hl7.org/fhir/StructureDefinition/capabilitystatement-expectation">
          <valueCode value="SHALL"/>
        </extension>
        <name value="organization"/>
        <definition value="https://build.fhir.org/ig/HL7/fhir-directory-exchange/SearchParameter-EndpointComplete-organization.html"/>
        <type value="token"/>
      </searchParam>
      <searchParam>
        <extension url="http://hl7.org/fhir/StructureDefinition/capabilitystatement-expectation">
          <valueCode value="SHALL"/>
        </extension>
        <name value="payload-type"/>
        <definition value="https://build.fhir.org/ig/HL7/fhir-directory-exchange/SearchParameter-EndpointComplete-payload-type.html"/>
        <type value="token"/>
      </searchParam>
      <searchParam>
        <extension url="http://hl7.org/fhir/StructureDefinition/capabilitystatement-expectation">
          <valueCode value="SHALL"/>
        </extension>
        <name value="usecase-standard"/>
        <definition value="https://build.fhir.org/ig/HL7/fhir-directory-exchange/SearchParameter-EndpointComplete-usecase-standard.html"/>
        <type value="token"/>
      </searchParam>
      <searchParam>
        <extension url="http://hl7.org/fhir/StructureDefinition/capabilitystatement-expectation">
          <valueCode value="SHALL"/>
        </extension>
        <name value="status"/>
        <definition value="https://build.fhir.org/ig/HL7/fhir-directory-exchange/SearchParameter-EndpointComplete-status.html"/>
        <type value="token"/>
      </searchParam>
      <searchParam>
        <extension url="http://hl7.org/fhir/StructureDefinition/capabilitystatement-expectation">
          <valueCode value="SHALL"/>
        </extension>
        <name value="usecase-type"/>
        <definition value="https://build.fhir.org/ig/HL7/fhir-directory-exchange/SearchParameter-EndpointComplete-usecase-type.html"/>
        <type value="token"/>
      </searchParam>
    </resource>
    <resource>
      <type value="HealthcareService"/>
      <supportedProfile value="https://build.fhir.org/ig/HL7/fhir-directory-exchange/StructureDefinition-NatlDirEndpointQry-HealthcareServiceComplete.html">
        <extension url="http://hl7.org/fhir/StructureDefinition/capabilitystatement-expectation">
          <valueCode value="SHALL"/>
        </extension>
      </supportedProfile>
      <searchParam>
        <extension url="http://hl7.org/fhir/StructureDefinition/capabilitystatement-expectation">
          <valueCode value="SHALL"/>
        </extension>
        <name value="service-category"/>
        <definition value="https://build.fhir.org/ig/HL7/fhir-directory-exchange/SearchParameter-HealthcareServiceComplete-service-category"/>
        <type value="token"/>
      </searchParam>
      <searchParam>
        <extension url="http://hl7.org/fhir/StructureDefinition/capabilitystatement-expectation">
          <valueCode value="SHALL"/>
        </extension>
        <name value="coverage-area"/>
        <definition value="https://build.fhir.org/ig/HL7/fhir-directory-exchange/SearchParameter-HealthcareServiceComplete-coverage-area"/>
        <type value="token"/>
      </searchParam>
      <searchParam>
        <extension url="http://hl7.org/fhir/StructureDefinition/capabilitystatement-expectation">
          <valueCode value="SHALL"/>
        </extension>
        <name value="endpoint"/>
        <definition value="https://build.fhir.org/ig/HL7/fhir-directory-exchange/SearchParameter-HealthcareServiceComplete-EndpointComplete"/>
        <type value="token"/>
      </searchParam>
      <searchParam>
        <extension url="http://hl7.org/fhir/StructureDefinition/capabilitystatement-expectation">
          <valueCode value="SHALL"/>
        </extension>
        <name value="location"/>
        <definition value="https://build.fhir.org/ig/HL7/fhir-directory-exchange/SearchParameter-HealthcareServiceComplete-location"/>
        <type value="token"/>
      </searchParam>
      <searchParam>
        <extension url="http://hl7.org/fhir/StructureDefinition/capabilitystatement-expectation">
          <valueCode value="SHALL"/>
        </extension>
        <name value="name"/>
        <definition value="https://build.fhir.org/ig/HL7/fhir-directory-exchange/SearchParameter-HealthcareServiceComplete-name"/>
        <type value="token"/>
      </searchParam>
      <searchParam>
        <extension url="http://hl7.org/fhir/StructureDefinition/capabilitystatement-expectation">
          <valueCode value="SHALL"/>
        </extension>
        <name value="organization"/>
        <definition value="https://build.fhir.org/ig/HL7/fhir-directory-exchange/SearchParameter-HealthcareServiceComplete-organization"/>
        <type value="token"/>
      </searchParam>
      <searchParam>
        <extension url="http://hl7.org/fhir/StructureDefinition/capabilitystatement-expectation">
          <valueCode value="SHALL"/>
        </extension>
        <name value="specialty"/>
        <definition value="https://build.fhir.org/ig/HL7/fhir-directory-exchange/SearchParameter-HealthcareServiceComplete-specialty"/>
        <type value="token"/>
      </searchParam>
      <searchParam>
        <extension url="http://hl7.org/fhir/StructureDefinition/capabilitystatement-expectation">
          <valueCode value="SHALL"/>
        </extension>
        <name value="service-type"/>
        <definition value="https://build.fhir.org/ig/HL7/fhir-directory-exchange/SearchParameter-HealthcareServiceComplete-service-type"/>
        <type value="token"/>
      </searchParam>
    </resource>
    <resource>
      <type value="InsurancePlan"/>
      <supportedProfile value="https://build.fhir.org/ig/HL7/fhir-directory-exchange/StructureDefinition-NatlDirEndpointQry-InsurancePlanComplete.html">
        <extension url="http://hl7.org/fhir/StructureDefinition/capabilitystatement-expectation">
          <valueCode value="SHOULD"/>
        </extension>
      </supportedProfile>
      <searchParam>
        <extension url="http://hl7.org/fhir/StructureDefinition/capabilitystatement-expectation">
          <valueCode value="SHALL"/>
        </extension>
        <name value="coverage-area"/>
        <definition value="https://build.fhir.org/ig/HL7/fhir-directory-exchange/SearchParameter-InsurancePlanComplete-coverage-area"/>
        <type value="token"/>
      </searchParam>
      <searchParam>
        <extension url="http://hl7.org/fhir/StructureDefinition/capabilitystatement-expectation">
          <valueCode value="SHALL"/>
        </extension>
        <name value="administrated-by"/>
        <definition value="https://build.fhir.org/ig/HL7/fhir-directory-exchange/SearchParameter-InsurancePlanComplete-administrated-by"/>
        <type value="token"/>
      </searchParam>
      <searchParam>
        <extension url="http://hl7.org/fhir/StructureDefinition/capabilitystatement-expectation">
          <valueCode value="SHALL"/>
        </extension>
        <name value="coverage-benefit-type"/>
        <definition value="https://build.fhir.org/ig/HL7/fhir-directory-exchange/SearchParameter-InsurancePlanComplete-coverage-benefit-type"/>
        <type value="token"/>
      </searchParam>
      <searchParam>
        <extension url="http://hl7.org/fhir/StructureDefinition/capabilitystatement-expectation">
          <valueCode value="SHALL"/>
        </extension>
        <name value="coverage-network"/>
        <definition value="https://build.fhir.org/ig/HL7/fhir-directory-exchange/SearchParameter-InsurancePlanComplete-coverage-network"/>
        <type value="token"/>
      </searchParam>
      <searchParam>
        <extension url="http://hl7.org/fhir/StructureDefinition/capabilitystatement-expectation">
          <valueCode value="SHALL"/>
        </extension>
        <name value="identifier"/>
        <definition value="https://build.fhir.org/ig/HL7/fhir-directory-exchange/SearchParameter-InsurancePlanComplete-identifier"/>
        <type value="token"/>
      </searchParam>
      <searchParam>
        <extension url="http://hl7.org/fhir/StructureDefinition/capabilitystatement-expectation">
          <valueCode value="SHALL"/>
        </extension>
        <name value="type"/>
        <definition value="https://build.fhir.org/ig/HL7/fhir-directory-exchange/SearchParameter-InsurancePlanComplete-type"/>
        <type value="token"/>
      </searchParam>
      <searchParam>
        <extension url="http://hl7.org/fhir/StructureDefinition/capabilitystatement-expectation">
          <valueCode value="SHALL"/>
        </extension>
        <name value="name"/>
        <definition value="https://build.fhir.org/ig/HL7/fhir-directory-exchange/SearchParameter-InsurancePlanComplete-name"/>
        <type value="token"/>
      </searchParam>
      <searchParam>
        <extension url="http://hl7.org/fhir/StructureDefinition/capabilitystatement-expectation">
          <valueCode value="SHALL"/>
        </extension>
        <name value="owned-by"/>
        <definition value="https://build.fhir.org/ig/HL7/fhir-directory-exchange/SearchParameter-InsurancePlanComplete-owned-by"/>
        <type value="token"/>
      </searchParam>
    </resource>
    <resource>
      <type value="Location"/>
      <supportedProfile value="https://build.fhir.org/ig/HL7/fhir-directory-exchange/StructureDefinition-NatlDirEndpointQry-locationComplete.html">
        <extension url="http://hl7.org/fhir/StructureDefinition/capabilitystatement-expectation">
          <valueCode value="SHALL"/>
        </extension>
      </supportedProfile>
      <searchParam>
        <extension url="http://hl7.org/fhir/StructureDefinition/capabilitystatement-expectation">
          <valueCode value="SHALL"/>
        </extension>
        <name value="address"/>
        <definition value="https://build.fhir.org/ig/HL7/fhir-directory-exchange/SearchParameter-locationComplete-address"/>
        <type value="token"/>
      </searchParam>
      <searchParam>
        <extension url="http://hl7.org/fhir/StructureDefinition/capabilitystatement-expectation">
          <valueCode value="SHALL"/>
        </extension>
        <name value="endpoint"/>
        <definition value="https://build.fhir.org/ig/HL7/fhir-directory-exchange/SearchParameter-locationComplete-EndpointComplete"/>
        <type value="token"/>
      </searchParam>
      <searchParam>
        <extension url="http://hl7.org/fhir/StructureDefinition/capabilitystatement-expectation">
          <valueCode value="SHALL"/>
        </extension>
        <name value="organization"/>
        <definition value="https://build.fhir.org/ig/HL7/fhir-directory-exchange/SearchParameter-locationComplete-organization"/>
        <type value="token"/>
      </searchParam>
      <searchParam>
        <extension url="http://hl7.org/fhir/StructureDefinition/capabilitystatement-expectation">
          <valueCode value="SHALL"/>
        </extension>
        <name value="physicalType"/>
        <definition value="https://build.fhir.org/ig/HL7/fhir-directory-exchange/SearchParameter-locationComplete-physicalType"/>
        <type value="token"/>
      </searchParam>
      <searchParam>
        <extension url="http://hl7.org/fhir/StructureDefinition/capabilitystatement-expectation">
          <valueCode value="SHALL"/>
        </extension>
        <name value="partOf"/>
        <definition value="https://build.fhir.org/ig/HL7/fhir-directory-exchange/SearchParameter-locationComplete-partOf"/>
        <type value="token"/>
      </searchParam>
      <searchParam>
        <extension url="http://hl7.org/fhir/StructureDefinition/capabilitystatement-expectation">
          <valueCode value="SHALL"/>
        </extension>
        <name value="type"/>
        <definition value="https://build.fhir.org/ig/HL7/fhir-directory-exchange/SearchParameter-locationComplete-type"/>
        <type value="token"/>
      </searchParam>
    </resource>
    <resource>
      <type value="Organization"/>
      <supportedProfile value="https://build.fhir.org/ig/HL7/fhir-directory-exchange/StructureDefinition-NatlDirEndpointQry-organizationComplete.html">
        <extension url="http://hl7.org/fhir/StructureDefinition/capabilitystatement-expectation">
          <valueCode value="SHOULD"/>
        </extension>
      </supportedProfile>
      <supportedProfile value="https://build.fhir.org/ig/HL7/fhir-directory-exchange/StructureDefinition-NatlDirEndpointQry-networkComplete.html"/>
      <searchParam>
        <extension url="http://hl7.org/fhir/StructureDefinition/capabilitystatement-expectation">
          <valueCode value="SHALL"/>
        </extension>
        <name value="type"/>
        <definition value="https://build.fhir.org/ig/HL7/fhir-directory-exchange/SearchParameter-organizationComplete-type"/>
        <type value="token"/>
      </searchParam>
      <searchParam>
        <extension url="http://hl7.org/fhir/StructureDefinition/capabilitystatement-expectation">
          <valueCode value="SHALL"/>
        </extension>
        <name value="address"/>
        <definition value="https://build.fhir.org/ig/HL7/fhir-directory-exchange/SearchParameter-organizationComplete-address"/>
        <type value="token"/>
      </searchParam>
      <searchParam>
        <extension url="http://hl7.org/fhir/StructureDefinition/capabilitystatement-expectation">
          <valueCode value="SHALL"/>
        </extension>
        <name value="endpoint"/>
        <definition value="https://build.fhir.org/ig/HL7/fhir-directory-exchange/SearchParameter-organizationComplete-EndpointComplete"/>
        <type value="token"/>
      </searchParam>
      <searchParam>
        <extension url="http://hl7.org/fhir/StructureDefinition/capabilitystatement-expectation">
          <valueCode value="SHALL"/>
        </extension>
        <name value="identifier"/>
        <definition value="https://build.fhir.org/ig/HL7/fhir-directory-exchange/SearchParameter-organizationComplete-identifier"/>
        <type value="token"/>
      </searchParam>
      <searchParam>
        <extension url="http://hl7.org/fhir/StructureDefinition/capabilitystatement-expectation">
          <valueCode value="SHALL"/>
        </extension>
        <name value="name"/>
        <definition value="https://build.fhir.org/ig/HL7/fhir-directory-exchange/SearchParameter-organizationComplete-name"/>
        <type value="token"/>
      </searchParam>
      <searchParam>
        <extension url="http://hl7.org/fhir/StructureDefinition/capabilitystatement-expectation">
          <valueCode value="SHALL"/>
        </extension>
        <name value="partOf"/>
        <definition value="https://build.fhir.org/ig/HL7/fhir-directory-exchange/SearchParameter-organizationComplete-partOf"/>
        <type value="token"/>
      </searchParam>
      <searchParam>
        <extension url="http://hl7.org/fhir/StructureDefinition/capabilitystatement-expectation">
          <valueCode value="SHALL"/>
        </extension>
        <name value="coverage-area"/>
        <definition value="https://build.fhir.org/ig/HL7/fhir-directory-exchange/SearchParameter-location-coverage-area"/>
        <type value="token"/>
      </searchParam>
      <searchParam>
        <extension url="http://hl7.org/fhir/StructureDefinition/capabilitystatement-expectation">
          <valueCode value="SHALL"/>
        </extension>
        <name value="NetworkName"/>
        <definition value="https://build.fhir.org/ig/HL7/fhir-directory-exchange/SearchParameter-networkComplete-name"/>
        <type value="token"/>
      </searchParam>
    </resource>
    <resource>
      <type value="OrganizationAffiliation"/>
      <supportedProfile value="https://build.fhir.org/ig/HL7/fhir-directory-exchange/StructureDefinition-NatlDirEndpointQry-organizationAffiliationComplete.html">
        <extension url="http://hl7.org/fhir/StructureDefinition/capabilitystatement-expectation">
          <valueCode value="SHALL"/>
        </extension>
      </supportedProfile>
      <searchParam>
        <extension url="http://hl7.org/fhir/StructureDefinition/capabilitystatement-expectation">
          <valueCode value="SHALL"/>
        </extension>
        <name value="endpoint"/>
        <definition value="https://build.fhir.org/ig/HL7/fhir-directory-exchange/SearchParameter-organizationAffiliationComplete-EndpointComplete"/>
        <type value="token"/>
      </searchParam>
      <searchParam>
        <extension url="http://hl7.org/fhir/StructureDefinition/capabilitystatement-expectation">
          <valueCode value="SHALL"/>
        </extension>
        <name value="location"/>
        <definition value="https://build.fhir.org/ig/HL7/fhir-directory-exchange/SearchParameter-organizationAffiliationComplete-location"/>
        <type value="token"/>
      </searchParam>
      <searchParam>
        <extension url="http://hl7.org/fhir/StructureDefinition/capabilitystatement-expectation">
          <valueCode value="SHALL"/>
        </extension>
        <name value="network"/>
        <definition value="https://build.fhir.org/ig/HL7/fhir-directory-exchange/SearchParameter-organizationAffiliationComplete-network"/>
        <type value="token"/>
      </searchParam>
      <searchParam>
        <extension url="http://hl7.org/fhir/StructureDefinition/capabilitystatement-expectation">
          <valueCode value="SHALL"/>
        </extension>
        <name value="participating-organization"/>
        <definition value="https://build.fhir.org/ig/HL7/fhir-directory-exchange/SearchParameter-organizationAffiliationComplete-participating-organization"/>
        <type value="token"/>
      </searchParam>
      <searchParam>
        <extension url="http://hl7.org/fhir/StructureDefinition/capabilitystatement-expectation">
          <valueCode value="SHALL"/>
        </extension>
        <name value="primary-organization"/>
        <definition value="https://build.fhir.org/ig/HL7/fhir-directory-exchange/SearchParameter-organizationAffiliationComplete-primary-organization"/>
        <type value="token"/>
      </searchParam>
      <searchParam>
        <extension url="http://hl7.org/fhir/StructureDefinition/capabilitystatement-expectation">
          <valueCode value="SHALL"/>
        </extension>
        <name value="role"/>
        <definition value="https://build.fhir.org/ig/HL7/fhir-directory-exchange/SearchParameter-organizationAffiliationComplete-role"/>
        <type value="token"/>
      </searchParam>
      <searchParam>
        <extension url="http://hl7.org/fhir/StructureDefinition/capabilitystatement-expectation">
          <valueCode value="SHALL"/>
        </extension>
        <name value="service"/>
        <definition value="https://build.fhir.org/ig/HL7/fhir-directory-exchange/SearchParameter-organizationAffiliationComplete-service"/>
        <type value="token"/>
      </searchParam>
      <searchParam>
        <extension url="http://hl7.org/fhir/StructureDefinition/capabilitystatement-expectation">
          <valueCode value="SHALL"/>
        </extension>
        <name value="specialty"/>
        <definition value="https://build.fhir.org/ig/HL7/fhir-directory-exchange/SearchParameter-organizationAffiliationComplete-specialty"/>
        <type value="token"/>
      </searchParam>
    </resource>
    <resource>
      <type value="Practitioner"/>
      <supportedProfile value="https://build.fhir.org/ig/HL7/fhir-directory-exchange/StructureDefinition-NatlDirEndpointQry-PractitionerComplete.html">
        <extension url="http://hl7.org/fhir/StructureDefinition/capabilitystatement-expectation">
          <valueCode value="SHALL"/>
        </extension>
      </supportedProfile>
      <searchParam>
        <extension url="http://hl7.org/fhir/StructureDefinition/capabilitystatement-expectation">
          <valueCode value="SHALL"/>
        </extension>
        <name value="name"/>
        <definition value="https://build.fhir.org/ig/HL7/fhir-directory-exchange/SearchParameter-PractitionerComplete-name"/>
        <type value="token"/>
      </searchParam>
      <searchParam>
        <extension url="http://hl7.org/fhir/StructureDefinition/capabilitystatement-expectation">
          <valueCode value="SHALL"/>
        </extension>
        <name value="family"/>
        <definition value="https://build.fhir.org/ig/HL7/fhir-directory-exchange/SearchParameter-PractitionerComplete-family"/>
        <type value="token"/>
      </searchParam>
      <searchParam>
        <extension url="http://hl7.org/fhir/StructureDefinition/capabilitystatement-expectation">
          <valueCode value="SHALL"/>
        </extension>
        <name value="given"/>
        <definition value="https://build.fhir.org/ig/HL7/fhir-directory-exchange/SearchParameter-PractitionerComplete-given"/>
        <type value="token"/>
      </searchParam>
      <searchParam>
        <extension url="http://hl7.org/fhir/StructureDefinition/capabilitystatement-expectation">
          <valueCode value="SHALL"/>
        </extension>
        <name value="identifier"/>
        <definition value="https://build.fhir.org/ig/HL7/fhir-directory-exchange/SearchParameter-PractitionerComplete-identifier"/>
        <type value="token"/>
      </searchParam>
      <searchParam>
        <extension url="http://hl7.org/fhir/StructureDefinition/capabilitystatement-expectation">
          <valueCode value="SHALL"/>
        </extension>
        <name value="identifier-assigner"/>
        <definition value="https://build.fhir.org/ig/HL7/fhir-directory-exchange/SearchParameter-PractitionerComplete-identifier-assigner"/>
        <type value="token"/>
      </searchParam>
      <searchParam>
        <extension url="http://hl7.org/fhir/StructureDefinition/capabilitystatement-expectation">
          <valueCode value="SHALL"/>
        </extension>
        <name value="qualification-code"/>
        <definition value="https://build.fhir.org/ig/HL7/fhir-directory-exchange/SearchParameter-PractitionerComplete-qualification-code"/>
        <type value="token"/>
      </searchParam>
      <searchParam>
        <extension url="http://hl7.org/fhir/StructureDefinition/capabilitystatement-expectation">
          <valueCode value="SHALL"/>
        </extension>
        <name value="qualification-issuer"/>
        <definition value="https://build.fhir.org/ig/HL7/fhir-directory-exchange/SearchParameter-PractitionerComplete-qualification-issuer"/>
        <type value="token"/>
      </searchParam>
    </resource>
    <resource>
      <type value="PractitionerRole"/>
      <supportedProfile value="https://build.fhir.org/ig/HL7/fhir-directory-exchange/StructureDefinition-NatlDirEndpointQry-PractitionerRoleComplete.html">
        <extension url="http://hl7.org/fhir/StructureDefinition/capabilitystatement-expectation">
          <valueCode value="SHALL"/>
        </extension>
      </supportedProfile>
      <searchParam>
        <extension url="http://hl7.org/fhir/StructureDefinition/capabilitystatement-expectation">
          <valueCode value="SHALL"/>
        </extension>
        <name value="endpoint"/>
        <definition value="https://build.fhir.org/ig/HL7/fhir-directory-exchange/SearchParameter-PractitionerRoleComplete-Endpoint"/>
        <type value="token"/>
      </searchParam>
      <searchParam>
        <extension url="http://hl7.org/fhir/StructureDefinition/capabilitystatement-expectation">
          <valueCode value="SHALL"/>
        </extension>
        <name value="location"/>
        <definition value="https://build.fhir.org/ig/HL7/fhir-directory-exchange/SearchParameter-PractitionerRoleComplete-location"/>
        <type value="token"/>
      </searchParam>
      <searchParam>
        <extension url="http://hl7.org/fhir/StructureDefinition/capabilitystatement-expectation">
          <valueCode value="SHALL"/>
        </extension>
        <name value="network"/>
        <definition value="https://build.fhir.org/ig/HL7/fhir-directory-exchange/SearchParameter-PractitionerRoleComplete-network"/>
        <type value="token"/>
      </searchParam>
      <searchParam>
        <extension url="http://hl7.org/fhir/StructureDefinition/capabilitystatement-expectation">
          <valueCode value="SHALL"/>
        </extension>
        <name value="organization"/>
        <definition value="https://build.fhir.org/ig/HL7/fhir-directory-exchange/SearchParameter-PractitionerRoleComplete-organization"/>
        <type value="token"/>
      </searchParam>
      <searchParam>
        <extension url="http://hl7.org/fhir/StructureDefinition/capabilitystatement-expectation">
          <valueCode value="SHALL"/>
        </extension>
        <name value="Practicioner"/>
        <definition value="https://build.fhir.org/ig/HL7/fhir-directory-exchange/SearchParameter-PractitionerRoleComplete-Practicioner"/>
        <type value="token"/>
      </searchParam>
      <searchParam>
        <extension url="http://hl7.org/fhir/StructureDefinition/capabilitystatement-expectation">
          <valueCode value="SHALL"/>
        </extension>
        <name value="role"/>
        <definition value="https://build.fhir.org/ig/HL7/fhir-directory-exchange/SearchParameter-PractitionerRoleComplete-role"/>
        <type value="token"/>
      </searchParam>
      <searchParam>
        <extension url="http://hl7.org/fhir/StructureDefinition/capabilitystatement-expectation">
          <valueCode value="SHALL"/>
        </extension>
        <name value="service"/>
        <definition value="https://build.fhir.org/ig/HL7/fhir-directory-exchange/SearchParameter-PractitionerRoleComplete-service"/>
        <type value="token"/>
      </searchParam>
      <searchParam>
        <extension url="http://hl7.org/fhir/StructureDefinition/capabilitystatement-expectation">
          <valueCode value="SHALL"/>
        </extension>
        <name value="specialty"/>
        <definition value="https://build.fhir.org/ig/HL7/fhir-directory-exchange/SearchParameter-PractitionerRoleComplete-specialty"/>
        <type value="token"/>
      </searchParam>
    </resource>
    <resource>
      <type value="Consent"/>
      <supportedProfile value="https://build.fhir.org/ig/HL7/fhir-directory-exchange/StructureDefinition-NatlDirEndpointQry-Restriction.html">
        <extension url="http://hl7.org/fhir/StructureDefinition/capabilitystatement-expectation">
          <valueCode value="SHALL"/>
        </extension>
      </supportedProfile>
      <searchParam>
        <extension url="http://hl7.org/fhir/StructureDefinition/capabilitystatement-expectation">
          <valueCode value="SHALL"/>
        </extension>
        <name value="_id"/>
        <definition value="https://build.fhir.org/ig/HL7/fhir-directory-exchange/SearchParameter-Restriction-identifier"/>
        <type value="token"/>
      </searchParam>
      <searchParam>
        <extension url="http://hl7.org/fhir/StructureDefinition/capabilitystatement-expectation">
          <valueCode value="SHALL"/>
        </extension>
        <name value="_lastUpdated"/>
        <definition value="https://build.fhir.org/ig/HL7/fhir-directory-exchange/SearchParameter-Restriction-lastUpdated"/>
        <type value="token"/>
      </searchParam>
      <searchParam>
        <extension url="http://hl7.org/fhir/StructureDefinition/capabilitystatement-expectation">
          <valueCode value="SHALL"/>
        </extension>
        <name value="plan-type"/>
        <definition value="https://build.fhir.org/ig/HL7/fhir-directory-exchange/SearchParameter-Restriction-plan-type"/>
        <type value="token"/>
      </searchParam>
      <searchParam>
        <extension url="http://hl7.org/fhir/StructureDefinition/capabilitystatement-expectation">
          <valueCode value="SHALL"/>
        </extension>
        <name value="name"/>
        <definition value="https://build.fhir.org/ig/HL7/fhir-directory-exchange/SearchParameter-Restriction-name"/>
        <type value="token"/>
      </searchParam>
      <searchParam>
        <extension url="http://hl7.org/fhir/StructureDefinition/capabilitystatement-expectation">
          <valueCode value="SHALL"/>
        </extension>
        <name value="coverage-area"/>
        <definition value="https://build.fhir.org/ig/HL7/fhir-directory-exchange/SearchParameter-Restriction-coverage-area"/>
        <type value="token"/>
      </searchParam>
      <searchParam>
        <extension url="http://hl7.org/fhir/StructureDefinition/capabilitystatement-expectation">
          <valueCode value="SHALL"/>
        </extension>
        <name value="owned=by"/>
        <definition value="https://build.fhir.org/ig/HL7/fhir-directory-exchange/SearchParameter-Restriction-owned-by"/>
        <type value="token"/>
      </searchParam>
      <searchParam>
        <extension url="http://hl7.org/fhir/StructureDefinition/capabilitystatement-expectation">
          <valueCode value="SHALL"/>
        </extension>
        <name value="administrated-by"/>
        <definition value="https://build.fhir.org/ig/HL7/fhir-directory-exchange/SearchParameter-Restriction-administrated-by"/>
        <type value="token"/>
      </searchParam>
    </resource>
    <resource>
      <type value="VerificationResult"/>
      <supportedProfile value="https://build.fhir.org/ig/HL7/fhir-directory-exchange/StructureDefinition-NatlDirEndpointQry-ValidationComplete.html">
        <extension url="http://hl7.org/fhir/StructureDefinition/capabilitystatement-expectation">
          <valueCode value="SHALL"/>
        </extension>
      </supportedProfile>
      <searchParam>
        <extension url="http://hl7.org/fhir/StructureDefinition/capabilitystatement-expectation">
          <valueCode value="SHALL"/>
        </extension>
        <name value="attestation-who"/>
        <definition value="https://build.fhir.org/ig/HL7/fhir-directory-exchange/SearchParameter-ValidationComplete-attestation-who"/>
        <type value="token"/>
      </searchParam>
      <searchParam>
        <extension url="http://hl7.org/fhir/StructureDefinition/capabilitystatement-expectation">
          <valueCode value="SHALL"/>
        </extension>
        <name value="primarysource-who"/>
        <definition value="https://build.fhir.org/ig/HL7/fhir-directory-exchange/SearchParameter-ValidationComplete-primarysource-who"/>
        <type value="token"/>
      </searchParam>
      <searchParam>
        <extension url="http://hl7.org/fhir/StructureDefinition/capabilitystatement-expectation">
          <valueCode value="SHALL"/>
        </extension>
        <name value="target"/>
        <definition value="https://build.fhir.org/ig/HL7/fhir-directory-exchange/SearchParameter-ValidationComplete-target"/>
        <type value="token"/>
      </searchParam>
    </resource>
    <resource>
      <type value="CareTeam"/>
      <supportedProfile value="https://build.fhir.org/ig/HL7/fhir-directory-exchange/StructureDefinition-NatlDirEndpointQry-CareTeamComplete.html">
        <extension url="http://hl7.org/fhir/StructureDefinition/capabilitystatement-expectation">
          <valueCode value="SHOULD"/>
        </extension>
      </supportedProfile>
      <searchParam>
        <extension url="http://hl7.org/fhir/StructureDefinition/capabilitystatement-expectation">
          <valueCode value="SHALL"/>
        </extension>
        <name value="endpoint"/>
        <definition value="https://build.fhir.org/ig/HL7/fhir-directory-exchange/SearchParameter-CareTeamComplete-Endpoint"/>
        <type value="token"/>
      </searchParam>
      <searchParam>
        <extension url="http://hl7.org/fhir/StructureDefinition/capabilitystatement-expectation">
          <valueCode value="SHALL"/>
        </extension>
        <name value="location"/>
        <definition value="https://build.fhir.org/ig/HL7/fhir-directory-exchange/SearchParameter-CareTeamComplete-location"/>
        <type value="token"/>
      </searchParam>
      <searchParam>
        <extension url="http://hl7.org/fhir/StructureDefinition/capabilitystatement-expectation">
          <valueCode value="SHALL"/>
        </extension>
        <name value="name"/>
        <definition value="https://build.fhir.org/ig/HL7/fhir-directory-exchange/SearchParameter-CareTeamComplete-name"/>
        <type value="token"/>
      </searchParam>
      <searchParam>
        <extension url="http://hl7.org/fhir/StructureDefinition/capabilitystatement-expectation">
          <valueCode value="SHALL"/>
        </extension>
        <name value="organization"/>
        <definition value="https://build.fhir.org/ig/HL7/fhir-directory-exchange/SearchParameter-CareTeamComplete-organization"/>
        <type value="token"/>
      </searchParam>
      <searchParam>
        <extension url="http://hl7.org/fhir/StructureDefinition/capabilitystatement-expectation">
          <valueCode value="SHALL"/>
        </extension>
        <name value="service"/>
        <definition value="https://build.fhir.org/ig/HL7/fhir-directory-exchange/SearchParameter-CareTeamComplete-service"/>
        <type value="token"/>
      </searchParam>
      <searchParam>
        <extension url="http://hl7.org/fhir/StructureDefinition/capabilitystatement-expectation">
          <valueCode value="SHALL"/>
        </extension>
        <name value="category"/>
        <definition value="https://build.fhir.org/ig/HL7/fhir-directory-exchange/SearchParameter-CareTeamComplete-category"/>
        <type value="token"/>
      </searchParam>
    </resource>
  </rest>
</CapabilityStatement>