<?xml version="1.0" encoding="UTF-8"?>

<HealthcareService xmlns="http://hl7.org/fhir">
  <id value="PharmChainCompService"/>
  <meta>
    <lastUpdated value="2020-07-07T13:26:22.0314215+00:00"/>
    <profile value="http://hl7.org/fhir/us/national-healthcare-directory/StructureDefinition/NatlDir-HealthcareService"/>
  </meta>
  <language value="en-US"/>
  <text>
    <status value="extensions"/><div xmlns="http://www.w3.org/1999/xhtml" xml:lang="en-US" lang="en-US"><p><b>Generated Narrative</b></p><blockquote><p><b>Delivery Method</b></p><p><b>value</b>: <span title="Codes: {http://hl7.org/fhir/us/national-healthcare-directory/CodeSystem/DeliveryMethodCS physical}">Physical</span></p></blockquote><p><b>active</b>: true</p><p><b>providedBy</b>: <a href="Organization-PharmChain.html">Generated Summary: language: en-US; id: NPI-ORGA; active: true; <span title="Codes: {http://hl7.org/fhir/us/national-healthcare-directory/CodeSystem/OrgTypeCS prvgrp}">Provider Group</span>; name: Pharm Chain; Phone: (111)-222-3333, https://www.pharmchain.com</a></p><p><b>category</b>: <span title="Codes: {http://hl7.org/fhir/us/national-healthcare-directory/CodeSystem/HealthcareServiceCategoryCS pharm}">Pharmacy</span></p><p><b>specialty</b>: <span title="Codes: {http://nucc.org/provider-taxonomy 3336C0004X}">Compounding Pharmacy</span></p><p><b>location</b>: <a href="Location-PharmLoc1.html">Generated Summary: language: en-US; status: active; name: OrgA CT Location 1; <span title="Codes: {http://terminology.hl7.org/CodeSystem/v3-RoleCode OUTPHARM}">outpatient pharmacy</span>; Phone: (111)-222-3333, https://www.orga.com</a></p><p><b>name</b>: Compounding Pharmacy by OrgA</p><p><b>telecom</b>: -unknown-</p></div>
  </text>
  <extension url="http://hl7.org/fhir/us/national-healthcare-directory/StructureDefinition/delivery-method">
    <extension url="type">
      <valueCodeableConcept>
        <coding>
          <system value="http://hl7.org/fhir/us/national-healthcare-directory/CodeSystem/DeliveryMethodCS"/>
          <code value="physical"/>
        </coding>
      </valueCodeableConcept>
    </extension>
  </extension>
  <active value="true"/>
  <providedBy>
    <reference value="Organization/PharmChain"/>
  </providedBy>
  <category>
    <coding>
      <system value="http://hl7.org/fhir/us/national-healthcare-directory/CodeSystem/HealthcareServiceCategoryCS"/>
      <code value="pharm"/>
      <display value="Pharmacy"/>
    </coding>
  </category>
  <specialty>
    <coding>
      <system value="http://nucc.org/provider-taxonomy"/>
      <code value="3336C0004X"/>
      <display value="Compounding Pharmacy"/>
    </coding>
    <text value="Compounding Pharmacy"/>
  </specialty>
  <location>
    <reference value="Location/PharmLoc1"/>
  </location>
  <name value="Compounding Pharmacy by OrgA"/>
  <telecom>
    <extension url="http://hl7.org/fhir/us/national-healthcare-directory/StructureDefinition/via-intermediary">
      <valueReference>
        <reference value="Location/PharmLoc1"/>
      </valueReference>
    </extension>
  </telecom>
</HealthcareService>