<?xml version="1.0" encoding="UTF-8"?>

<ImplementationGuide xmlns="http://hl7.org/fhir">
  <id value="hl7.fhir.us.fhir-directory-exchange"/>
  <text>
    <status value="extensions"/><div xmlns="http://www.w3.org/1999/xhtml"><h2>NationalHealthcareDirectoryExchange</h2><p>The official URL for this implementation guide is: </p><pre>http://hl7.org/fhir/us/fhir-directory-exchange/ImplementationGuide/hl7.fhir.us.fhir-directory-exchange</pre><div><p>National Directory</p>
</div></div>
  </text>
  <url value="http://hl7.org/fhir/us/fhir-directory-exchange/ImplementationGuide/hl7.fhir.us.fhir-directory-exchange"/>
  <version value="1.0.0-ballot"/>
  <name value="NationalHealthcareDirectoryExchange"/>
  <title value="National Healthcare Directory Exchange"/>
  <status value="active"/>
  <date value="2022-08-04T11:49:08-04:00"/>
  <publisher value="HL7 Patient Administration Working Group"/>
  <contact>
    <name value="HL7 Patient Administration Working Group"/>
    <telecom>
      <system value="url"/>
      <value value="https://www.hl7.org/Special/committees/pafm"/>
    </telecom>
    <telecom>
      <system value="email"/>
      <value value="pafm@lists.HL7.org"/>
    </telecom>
  </contact>
  <description value="National Directory"/>
  <jurisdiction>
    <coding>
      <system value="urn:iso:std:iso:3166"/>
      <code value="US"/>
    </coding>
  </jurisdiction>
  <packageId value="hl7.fhir.us.fhir-directory-exchange"/>
  <license value="CC0-1.0"/>
  <fhirVersion value="4.0.1"/>
  <dependsOn id="hl7tx">
    <uri value="http://terminology.hl7.org/ImplementationGuide/hl7.terminology"/>
    <packageId value="hl7.terminology.r4"/>
    <version value="3.1.0"/>
  </dependsOn>
  <dependsOn id="hl7_fhir_us_core">
    <uri value="http://hl7.org/fhir/us/core/ImplementationGuide/hl7.fhir.us.core"/>
    <packageId value="hl7.fhir.us.core"/>
    <version value="4.0.0"/>
  </dependsOn>
  <dependsOn id="ONCFASTNationalDirectoryEndpointQuery">
    <uri value="http://hl7.org/fhir/us/fhir-directory-query/ImplementationGuide/hl7.fhir.us.fhir-directory-query"/>
    <packageId value="hl7.fhir.us.fhir-directory-query"/>
    <version value="current"/>
  </dependsOn>
  <definition>
    <extension url="http://hl7.org/fhir/tools/StructureDefinition/ig-parameter">
      <extension url="code">
        <valueString value="copyrightyear"/>
      </extension>
      <extension url="value">
        <valueString value="2021+"/>
      </extension>
    </extension>
    <extension url="http://hl7.org/fhir/tools/StructureDefinition/ig-parameter">
      <extension url="code">
        <valueString value="releaselabel"/>
      </extension>
      <extension url="value">
        <valueString value="ballot"/>
      </extension>
    </extension>
    <extension url="http://hl7.org/fhir/tools/StructureDefinition/ig-parameter">
      <extension url="code">
        <valueString value="show-inherited-invariants"/>
      </extension>
      <extension url="value">
        <valueString value="false"/>
      </extension>
    </extension>
    <extension url="http://hl7.org/fhir/tools/StructureDefinition/ig-parameter">
      <extension url="code">
        <valueString value="version-comparison"/>
      </extension>
      <extension url="value">
        <valueString value="n/a"/>
      </extension>
    </extension>
    <extension url="http://hl7.org/fhir/tools/StructureDefinition/ig-parameter">
      <extension url="code">
        <valueString value="path-expansion-params"/>
      </extension>
      <extension url="value">
        <valueString value="../../exp-params.json"/>
      </extension>
    </extension>
    <extension url="http://hl7.org/fhir/tools/StructureDefinition/ig-parameter">
      <extension url="code">
        <valueString value="path-history"/>
      </extension>
      <extension url="value">
        <valueString value="http://hl7.org/fhir/us/fhir-directory-exchange/history.html"/>
      </extension>
    </extension>
    <extension url="http://hl7.org/fhir/tools/StructureDefinition/ig-parameter">
      <extension url="code">
        <valueString value="path-liquid"/>
      </extension>
      <extension url="value">
        <valueString value="template/liquid"/>
      </extension>
    </extension>
    <extension url="http://hl7.org/fhir/tools/StructureDefinition/ig-parameter">
      <extension url="code">
        <valueString value="path-liquid"/>
      </extension>
      <extension url="value">
        <valueString value="input/liquid"/>
      </extension>
    </extension>
    <extension url="http://hl7.org/fhir/tools/StructureDefinition/ig-parameter">
      <extension url="code">
        <valueString value="path-qa"/>
      </extension>
      <extension url="value">
        <valueString value="temp/qa"/>
      </extension>
    </extension>
    <extension url="http://hl7.org/fhir/tools/StructureDefinition/ig-parameter">
      <extension url="code">
        <valueString value="path-temp"/>
      </extension>
      <extension url="value">
        <valueString value="temp/pages"/>
      </extension>
    </extension>
    <extension url="http://hl7.org/fhir/tools/StructureDefinition/ig-parameter">
      <extension url="code">
        <valueString value="path-output"/>
      </extension>
      <extension url="value">
        <valueString value="output"/>
      </extension>
    </extension>
    <extension url="http://hl7.org/fhir/tools/StructureDefinition/ig-parameter">
      <extension url="code">
        <valueString value="path-suppressed-warnings"/>
      </extension>
      <extension url="value">
        <valueString value="input/ignoreWarnings.txt"/>
      </extension>
    </extension>
    <extension url="http://hl7.org/fhir/tools/StructureDefinition/ig-parameter">
      <extension url="code">
        <valueString value="template-html"/>
      </extension>
      <extension url="value">
        <valueString value="template-page.html"/>
      </extension>
    </extension>
    <extension url="http://hl7.org/fhir/tools/StructureDefinition/ig-parameter">
      <extension url="code">
        <valueString value="template-md"/>
      </extension>
      <extension url="value">
        <valueString value="template-page-md.html"/>
      </extension>
    </extension>
    <extension url="http://hl7.org/fhir/tools/StructureDefinition/ig-parameter">
      <extension url="code">
        <valueString value="apply-contact"/>
      </extension>
      <extension url="value">
        <valueString value="true"/>
      </extension>
    </extension>
    <extension url="http://hl7.org/fhir/tools/StructureDefinition/ig-parameter">
      <extension url="code">
        <valueString value="apply-context"/>
      </extension>
      <extension url="value">
        <valueString value="true"/>
      </extension>
    </extension>
    <extension url="http://hl7.org/fhir/tools/StructureDefinition/ig-parameter">
      <extension url="code">
        <valueString value="apply-copyright"/>
      </extension>
      <extension url="value">
        <valueString value="true"/>
      </extension>
    </extension>
    <extension url="http://hl7.org/fhir/tools/StructureDefinition/ig-parameter">
      <extension url="code">
        <valueString value="apply-jurisdiction"/>
      </extension>
      <extension url="value">
        <valueString value="true"/>
      </extension>
    </extension>
    <extension url="http://hl7.org/fhir/tools/StructureDefinition/ig-parameter">
      <extension url="code">
        <valueString value="apply-license"/>
      </extension>
      <extension url="value">
        <valueString value="true"/>
      </extension>
    </extension>
    <extension url="http://hl7.org/fhir/tools/StructureDefinition/ig-parameter">
      <extension url="code">
        <valueString value="apply-publisher"/>
      </extension>
      <extension url="value">
        <valueString value="true"/>
      </extension>
    </extension>
    <extension url="http://hl7.org/fhir/tools/StructureDefinition/ig-parameter">
      <extension url="code">
        <valueString value="apply-version"/>
      </extension>
      <extension url="value">
        <valueString value="true"/>
      </extension>
    </extension>
    <extension url="http://hl7.org/fhir/tools/StructureDefinition/ig-parameter">
      <extension url="code">
        <valueString value="active-tables"/>
      </extension>
      <extension url="value">
        <valueString value="true"/>
      </extension>
    </extension>
    <extension url="http://hl7.org/fhir/tools/StructureDefinition/ig-parameter">
      <extension url="code">
        <valueString value="fmm-definition"/>
      </extension>
      <extension url="value">
        <valueString value="http://hl7.org/fhir/versions.html#maturity"/>
      </extension>
    </extension>
    <extension url="http://hl7.org/fhir/tools/StructureDefinition/ig-parameter">
      <extension url="code">
        <valueString value="propagate-status"/>
      </extension>
      <extension url="value">
        <valueString value="true"/>
      </extension>
    </extension>
    <extension url="http://hl7.org/fhir/tools/StructureDefinition/ig-parameter">
      <extension url="code">
        <valueString value="excludelogbinaryformat"/>
      </extension>
      <extension url="value">
        <valueString value="true"/>
      </extension>
    </extension>
    <resource>
      <extension url="http://hl7.org/fhir/tools/StructureDefinition/resource-information">
        <valueString value="StructureDefinition:resource"/>
      </extension>
      <reference>
        <reference value="StructureDefinition/NatlDirEx-CareTeam"/>
      </reference>
      <name value="National Directory Care Team"/>
      <description value="Defines the basic constraints and extensions on the CareTeam resource for use in a Validated Healthcare Directory"/>
      <exampleBoolean value="false"/>
    </resource>
    <resource>
      <extension url="http://hl7.org/fhir/tools/StructureDefinition/resource-information">
        <valueString value="StructureDefinition:resource"/>
      </extension>
      <reference>
        <reference value="StructureDefinition/NatlDirEx-Endpoint"/>
      </reference>
      <name value="National Directory Endpoint"/>
      <description value="The technical details of an endpoint that can be used for electronic services, such as a portal or FHIR REST services, messaging or operations, or DIRECT messaging."/>
      <exampleBoolean value="false"/>
    </resource>
    <resource>
      <extension url="http://hl7.org/fhir/tools/StructureDefinition/resource-information">
        <valueString value="StructureDefinition:resource"/>
      </extension>
      <reference>
        <reference value="StructureDefinition/NatlDirEx-HealthcareService"/>
      </reference>
      <name value="National Directory HealthcareService"/>
      <description value="The HealthCareService resource typically describes services offered by an organization/practitioner at a location. The resource may be used to encompass a variety of services covering the entire healthcare spectrum, including promotion, prevention, diagnostics, pharmacy, hospital and ambulatory care, home care, long-term care, and other health-related and community services."/>
      <exampleBoolean value="false"/>
    </resource>
    <resource>
      <extension url="http://hl7.org/fhir/tools/StructureDefinition/resource-information">
        <valueString value="StructureDefinition:resource"/>
      </extension>
      <reference>
        <reference value="StructureDefinition/NatlDirEx-InsurancePlan"/>
      </reference>
      <name value="National Directory InsurancePlan"/>
      <description value="An InsurancePlan is a discrete package of health insurance coverage benefits that are offered under a particular network type. A given payer’s products typically differ by network type and/or covered benefits. A plan pairs a product’s covered benefits with the particular cost sharing structure offered to a consumer. A given product may comprise multiple plans (i.e. each plan offers different cost sharing requirements for the same set of covered benefits)."/>
      <exampleBoolean value="false"/>
    </resource>
    <resource>
      <extension url="http://hl7.org/fhir/tools/StructureDefinition/resource-information">
        <valueString value="StructureDefinition:resource"/>
      </extension>
      <reference>
        <reference value="StructureDefinition/NatlDirEx-Location"/>
      </reference>
      <name value="National Directory Location"/>
      <description value="A Location is the physical place where healthcare services are provided, practitioners are employed, &#xD;&#xA;                 organizations are based, etc. Locations can range in scope from a room in a building to a geographic region/area."/>
      <exampleBoolean value="false"/>
    </resource>
    <resource>
      <extension url="http://hl7.org/fhir/tools/StructureDefinition/resource-information">
        <valueString value="StructureDefinition:resource"/>
      </extension>
      <reference>
        <reference value="StructureDefinition/NatlDirEx-Network"/>
      </reference>
      <name value="National Directory Network"/>
      <description value="A Network refers to a healthcare provider insurance network. A healthcare provider insurance network is an aggregation of organizations and individuals that deliver a set of services across a geography through health insurance products/plans. A network is typically owned by a payer."/>
      <exampleBoolean value="false"/>
    </resource>
    <resource>
      <extension url="http://hl7.org/fhir/tools/StructureDefinition/resource-information">
        <valueString value="StructureDefinition:resource"/>
      </extension>
      <reference>
        <reference value="StructureDefinition/NatlDirEx-Organization"/>
      </reference>
      <name value="National Directory Organization"/>
      <description value="An organization is a formal or informal grouping of people or organizations with a common purpose, such as a company, institution, corporation, community group, or healthcare practice.&#xD;&#xA;Guidance:   When the contact is a department name, rather than a human (e.g., patient help line), include a blank family and given name, and provide the department name in contact.name.text"/>
      <exampleBoolean value="false"/>
    </resource>
    <resource>
      <extension url="http://hl7.org/fhir/tools/StructureDefinition/resource-information">
        <valueString value="StructureDefinition:resource"/>
      </extension>
      <reference>
        <reference value="StructureDefinition/NatlDirEx-OrganizationAffiliation"/>
      </reference>
      <name value="National Directory OrganizationAffiliation"/>
      <description value="The OrganizationAffiliation resource describes relationships between two or more organizations, including the services one organization provides another, the location(s) where they provide services, the availability of those services, electronic endpoints, and other relevant information."/>
      <exampleBoolean value="false"/>
    </resource>
    <resource>
      <extension url="http://hl7.org/fhir/tools/StructureDefinition/resource-information">
        <valueString value="StructureDefinition:resource"/>
      </extension>
      <reference>
        <reference value="StructureDefinition/NatlDirEx-Practitioner"/>
      </reference>
      <name value="National Directory Practitioner"/>
      <description value="Practitioner is a person who is directly or indirectly involved in the provisioning of healthcare."/>
      <exampleBoolean value="false"/>
    </resource>
    <resource>
      <extension url="http://hl7.org/fhir/tools/StructureDefinition/resource-information">
        <valueString value="StructureDefinition:resource"/>
      </extension>
      <reference>
        <reference value="StructureDefinition/NatlDirEx-PractitionerRole"/>
      </reference>
      <name value="National Directory PractitionerRole"/>
      <description value="PractionerRole describes details about a provider, which can be a practitioner or an organization. When the provider is a practitioner, &#xD;&#xA;there may be a relationship to an organization. A provider renders services to patients at a location. When the provider is a practitioner, there may also &#xD;&#xA;be a relationship to an organization. Practitioner participation in healthcare provider insurance networks may be direct or through their role at an organization."/>
      <exampleBoolean value="false"/>
    </resource>
    <resource>
      <extension url="http://hl7.org/fhir/tools/StructureDefinition/resource-information">
        <valueString value="StructureDefinition:resource"/>
      </extension>
      <reference>
        <reference value="StructureDefinition/NatlDirEx-Restriction"/>
      </reference>
      <name value="National Directory Restriction"/>
      <description value="Restriction describes details about a..."/>
      <exampleBoolean value="false"/>
    </resource>
    <resource>
      <extension url="http://hl7.org/fhir/tools/StructureDefinition/resource-information">
        <valueString value="StructureDefinition:resource"/>
      </extension>
      <reference>
        <reference value="StructureDefinition/NatlDirEx-Validation"/>
      </reference>
      <name value="National Directory Validation"/>
      <description value="Validation describes details about..."/>
      <exampleBoolean value="false"/>
    </resource>
    <resource>
      <extension url="http://hl7.org/fhir/tools/StructureDefinition/resource-information">
        <valueString value="Organization"/>
      </extension>
      <reference>
        <reference value="Organization/Acme"/>
      </reference>
      <name value="Acme"/>
      <description value="Payer Organization"/>
      <exampleCanonical value="http://hl7.org/fhir/us/fhir-directory-exchange/StructureDefinition/NatlDirEx-Organization"/>
    </resource>
    <resource>
      <extension url="http://hl7.org/fhir/tools/StructureDefinition/resource-information">
        <valueString value="Endpoint"/>
      </extension>
      <reference>
        <reference value="Endpoint/AcmeOfCTPortalEndpoint"/>
      </reference>
      <name value="AcmeOfCTPortalEndpoint"/>
      <description value="Endpoint for Acme of CT Portal"/>
      <exampleCanonical value="http://hl7.org/fhir/us/fhir-directory-exchange/StructureDefinition/NatlDirEx-Endpoint"/>
    </resource>
    <resource>
      <extension url="http://hl7.org/fhir/tools/StructureDefinition/resource-information">
        <valueString value="InsurancePlan"/>
      </extension>
      <reference>
        <reference value="InsurancePlan/AcmeQHPBronze"/>
      </reference>
      <name value="AcmeQHPBronze"/>
      <description value="Acme of CT QHP Bronze Plan"/>
      <exampleCanonical value="http://hl7.org/fhir/us/fhir-directory-exchange/StructureDefinition/NatlDirEx-InsurancePlan"/>
    </resource>
    <resource>
      <extension url="http://hl7.org/fhir/tools/StructureDefinition/resource-information">
        <valueString value="InsurancePlan"/>
      </extension>
      <reference>
        <reference value="InsurancePlan/AcmeQHPGold"/>
      </reference>
      <name value="AcmeQHPGold"/>
      <description value="Acme of CT QHP Gold Plan"/>
      <exampleCanonical value="http://hl7.org/fhir/us/fhir-directory-exchange/StructureDefinition/NatlDirEx-InsurancePlan"/>
    </resource>
    <resource>
      <extension url="http://hl7.org/fhir/tools/StructureDefinition/resource-information">
        <valueString value="Organization"/>
      </extension>
      <reference>
        <reference value="Organization/AcmeofCTPremNet"/>
      </reference>
      <name value="AcmeofCTPremNet"/>
      <description value="Acme of CT Premium Premium Network"/>
      <exampleCanonical value="http://hl7.org/fhir/us/fhir-directory-exchange/StructureDefinition/NatlDirEx-Network"/>
    </resource>
    <resource>
      <extension url="http://hl7.org/fhir/tools/StructureDefinition/resource-information">
        <valueString value="Organization"/>
      </extension>
      <reference>
        <reference value="Organization/AcmeofCTStdNet"/>
      </reference>
      <name value="AcmeofCTStdNet"/>
      <description value="Acme of CT Standard Network"/>
      <exampleCanonical value="http://hl7.org/fhir/us/fhir-directory-exchange/StructureDefinition/NatlDirEx-Network"/>
    </resource>
    <resource>
      <extension url="http://hl7.org/fhir/tools/StructureDefinition/resource-information">
        <valueString value="PractitionerRole"/>
      </extension>
      <reference>
        <reference value="PractitionerRole/AnonRole"/>
      </reference>
      <name value="AnonRole"/>
      <description value="Practitioner role that doesn't refer to a specific practitioner"/>
      <exampleCanonical value="http://hl7.org/fhir/us/fhir-directory-exchange/StructureDefinition/NatlDirEx-PractitionerRole"/>
    </resource>
    <resource>
      <extension url="http://hl7.org/fhir/tools/StructureDefinition/resource-information">
        <valueString value="Organization"/>
      </extension>
      <reference>
        <reference value="Organization/BigBox"/>
      </reference>
      <name value="BigBox"/>
      <description value="Organization that Manages 2 of PharmChain's pharmacies"/>
      <exampleCanonical value="http://hl7.org/fhir/us/fhir-directory-exchange/StructureDefinition/NatlDirEx-Organization"/>
    </resource>
    <resource>
      <extension url="http://hl7.org/fhir/tools/StructureDefinition/resource-information">
        <valueString value="Organization"/>
      </extension>
      <reference>
        <reference value="Organization/BurrClinic"/>
      </reference>
      <name value="BurrClinic"/>
      <description value="Burr Clinic provides service to Hartford Hospital"/>
      <exampleCanonical value="http://hl7.org/fhir/us/fhir-directory-exchange/StructureDefinition/NatlDirEx-Organization"/>
    </resource>
    <resource>
      <extension url="http://hl7.org/fhir/tools/StructureDefinition/resource-information">
        <valueString value="OrganizationAffiliation"/>
      </extension>
      <reference>
        <reference value="OrganizationAffiliation/BurrClinicAffil"/>
      </reference>
      <name value="BurrClinicAffil"/>
      <description value="Burr Clinic's affiliation with Acme of CT Provider Network and Hartford General Hospital"/>
      <exampleCanonical value="http://hl7.org/fhir/us/fhir-directory-exchange/StructureDefinition/NatlDirEx-OrganizationAffiliation"/>
    </resource>
    <resource>
      <extension url="http://hl7.org/fhir/tools/StructureDefinition/resource-information">
        <valueString value="HealthcareService"/>
      </extension>
      <reference>
        <reference value="HealthcareService/BurrClinicServices"/>
      </reference>
      <name value="BurrClinicServices"/>
      <description value="Burr Clinic Services"/>
      <exampleCanonical value="http://hl7.org/fhir/us/fhir-directory-exchange/StructureDefinition/NatlDirEx-HealthcareService"/>
    </resource>
    <resource>
      <extension url="http://hl7.org/fhir/tools/StructureDefinition/resource-information">
        <valueString value="Organization"/>
      </extension>
      <reference>
        <reference value="Organization/CancerClinic"/>
      </reference>
      <name value="CancerClinic"/>
      <description value="HartfordCancerClinicLLC"/>
      <exampleCanonical value="http://hl7.org/fhir/us/fhir-directory-exchange/StructureDefinition/NatlDirEx-Organization"/>
    </resource>
    <resource>
      <extension url="http://hl7.org/fhir/tools/StructureDefinition/resource-information">
        <valueString value="Location"/>
      </extension>
      <reference>
        <reference value="Location/CancerClinicLoc"/>
      </reference>
      <name value="CancerClinicLoc"/>
      <description value="Location1 of Cancer Clinic"/>
      <exampleCanonical value="http://hl7.org/fhir/us/fhir-directory-exchange/StructureDefinition/NatlDirEx-Location"/>
    </resource>
    <resource>
      <extension url="http://hl7.org/fhir/tools/StructureDefinition/resource-information">
        <valueString value="HealthcareService"/>
      </extension>
      <reference>
        <reference value="HealthcareService/CancerClinicService"/>
      </reference>
      <name value="CancerClinicService"/>
      <description value="Cancer Clinic Services"/>
      <exampleCanonical value="http://hl7.org/fhir/us/fhir-directory-exchange/StructureDefinition/NatlDirEx-HealthcareService"/>
    </resource>
    <resource>
      <extension url="http://hl7.org/fhir/tools/StructureDefinition/resource-information">
        <valueString value="CareTeam"/>
      </extension>
      <reference>
        <reference value="CareTeam/CareTeam1"/>
      </reference>
      <name value="CareTeam1"/>
      <description value="Burr Clinic's Care Team"/>
      <exampleCanonical value="http://hl7.org/fhir/us/fhir-directory-exchange/StructureDefinition/NatlDirEx-CareTeam"/>
    </resource>
    <resource>
      <extension url="http://hl7.org/fhir/tools/StructureDefinition/resource-information">
        <valueString value="Organization"/>
      </extension>
      <reference>
        <reference value="Organization/ConnHIE"/>
      </reference>
      <name value="ConnHIE"/>
      <description value="Connecticut HIE"/>
      <exampleCanonical value="http://hl7.org/fhir/us/fhir-directory-exchange/StructureDefinition/NatlDirEx-Organization"/>
    </resource>
    <resource>
      <extension url="http://hl7.org/fhir/tools/StructureDefinition/resource-information">
        <valueString value="OrganizationAffiliation"/>
      </extension>
      <reference>
        <reference value="OrganizationAffiliation/ConnHIEAffil"/>
      </reference>
      <name value="ConnHIEAffil"/>
      <description value="Burr Clinic's affiliation with Conn HIE"/>
      <exampleCanonical value="http://hl7.org/fhir/us/fhir-directory-exchange/StructureDefinition/NatlDirEx-OrganizationAffiliation"/>
    </resource>
    <resource>
      <extension url="http://hl7.org/fhir/tools/StructureDefinition/resource-information">
        <valueString value="Practitioner"/>
      </extension>
      <reference>
        <reference value="Practitioner/Counselor"/>
      </reference>
      <name value="Counselor"/>
      <description value="Counselor Susie Smith"/>
      <exampleCanonical value="http://hl7.org/fhir/us/fhir-directory-exchange/StructureDefinition/NatlDirEx-Practitioner"/>
    </resource>
    <resource>
      <extension url="http://hl7.org/fhir/tools/StructureDefinition/resource-information">
        <valueString value="PractitionerRole"/>
      </extension>
      <reference>
        <reference value="PractitionerRole/CounselorRole1"/>
      </reference>
      <name value="CounselorRole1"/>
      <description value="Susie  Smith is a counselor via Telemedicine"/>
      <exampleCanonical value="http://hl7.org/fhir/us/fhir-directory-exchange/StructureDefinition/NatlDirEx-PractitionerRole"/>
    </resource>
    <resource>
      <extension url="http://hl7.org/fhir/tools/StructureDefinition/resource-information">
        <valueString value="SearchParameter"/>
      </extension>
      <reference>
        <reference value="SearchParameter/Endpoint-connection-type"/>
      </reference>
      <name value="Search by Connection Type in Endpoints"/>
      <description value="Accesses the  connection type of an Endpoint"/>
      <exampleBoolean value="false"/>
    </resource>
    <resource>
      <extension url="http://hl7.org/fhir/tools/StructureDefinition/resource-information">
        <valueString value="SearchParameter"/>
      </extension>
      <reference>
        <reference value="SearchParameter/Endpoint-identifier"/>
      </reference>
      <name value="Search by Indentifer in Endpoints"/>
      <description value="Accesses the  identifier of an Endpoint"/>
      <exampleBoolean value="false"/>
    </resource>
    <resource>
      <extension url="http://hl7.org/fhir/tools/StructureDefinition/resource-information">
        <valueString value="SearchParameter"/>
      </extension>
      <reference>
        <reference value="SearchParameter/Endpoint-mime-type"/>
      </reference>
      <name value="Search by mime-type in Endpoints"/>
      <description value="Accesses the  mime-type of an Endpoint"/>
      <exampleBoolean value="false"/>
    </resource>
    <resource>
      <extension url="http://hl7.org/fhir/tools/StructureDefinition/resource-information">
        <valueString value="SearchParameter"/>
      </extension>
      <reference>
        <reference value="SearchParameter/Endpoint-organization"/>
      </reference>
      <name value="Search by organization in Endpoints"/>
      <description value="Accesses the  organization of an Endpoint"/>
      <exampleBoolean value="false"/>
    </resource>
    <resource>
      <extension url="http://hl7.org/fhir/tools/StructureDefinition/resource-information">
        <valueString value="SearchParameter"/>
      </extension>
      <reference>
        <reference value="SearchParameter/Endpoint-payload-type"/>
      </reference>
      <name value="Search by payload-type in Endpoints"/>
      <description value="Accesses the  payload-type of an Endpoint"/>
      <exampleBoolean value="false"/>
    </resource>
    <resource>
      <extension url="http://hl7.org/fhir/tools/StructureDefinition/resource-information">
        <valueString value="SearchParameter"/>
      </extension>
      <reference>
        <reference value="SearchParameter/Endpoint-status"/>
      </reference>
      <name value="Search by status in Endpoints"/>
      <description value="Accesses the status of an Endpoint"/>
      <exampleBoolean value="false"/>
    </resource>
    <resource>
      <extension url="http://hl7.org/fhir/tools/StructureDefinition/resource-information">
        <valueString value="SearchParameter"/>
      </extension>
      <reference>
        <reference value="SearchParameter/Endpoint-usecase-standard"/>
      </reference>
      <name value="Search by usecase-standard in Endpoints"/>
      <description value="Accesses the usecase-standard of an Endpoint"/>
      <exampleBoolean value="false"/>
    </resource>
    <resource>
      <extension url="http://hl7.org/fhir/tools/StructureDefinition/resource-information">
        <valueString value="SearchParameter"/>
      </extension>
      <reference>
        <reference value="SearchParameter/Endpoint-usecase-type"/>
      </reference>
      <name value="Search by usecase-type in Endpoints"/>
      <description value="Accesses the  usecase-type of an Endpoint"/>
      <exampleBoolean value="false"/>
    </resource>
    <resource>
      <extension url="http://hl7.org/fhir/tools/StructureDefinition/resource-information">
        <valueString value="Organization"/>
      </extension>
      <reference>
        <reference value="Organization/HamiltonClinic"/>
      </reference>
      <name value="HamiltonClinic"/>
      <description value="Hamilton Clinic (a Division of Hartford Hospital)"/>
      <exampleCanonical value="http://hl7.org/fhir/us/fhir-directory-exchange/StructureDefinition/NatlDirEx-Organization"/>
    </resource>
    <resource>
      <extension url="http://hl7.org/fhir/tools/StructureDefinition/resource-information">
        <valueString value="OrganizationAffiliation"/>
      </extension>
      <reference>
        <reference value="OrganizationAffiliation/HamiltonClinicAffil"/>
      </reference>
      <name value="HamiltonClinicAffil"/>
      <description value="Hamilton Clinic's affiliation with Acme of CT Provider Network and Hartford General Hospital"/>
      <exampleCanonical value="http://hl7.org/fhir/us/fhir-directory-exchange/StructureDefinition/NatlDirEx-OrganizationAffiliation"/>
    </resource>
    <resource>
      <extension url="http://hl7.org/fhir/tools/StructureDefinition/resource-information">
        <valueString value="HealthcareService"/>
      </extension>
      <reference>
        <reference value="HealthcareService/HamiltonClinicServices"/>
      </reference>
      <name value="HamiltonClinicServices"/>
      <description value="Hamilton Clinic Services"/>
      <exampleCanonical value="http://hl7.org/fhir/us/fhir-directory-exchange/StructureDefinition/NatlDirEx-HealthcareService"/>
    </resource>
    <resource>
      <extension url="http://hl7.org/fhir/tools/StructureDefinition/resource-information">
        <valueString value="Practitioner"/>
      </extension>
      <reference>
        <reference value="Practitioner/HansSolo"/>
      </reference>
      <name value="HansSolo"/>
      <description value="Solo Practitioner Hans Solo"/>
      <exampleCanonical value="http://hl7.org/fhir/us/fhir-directory-exchange/StructureDefinition/NatlDirEx-Practitioner"/>
    </resource>
    <resource>
      <extension url="http://hl7.org/fhir/tools/StructureDefinition/resource-information">
        <valueString value="Location"/>
      </extension>
      <reference>
        <reference value="Location/HansSoloClinic"/>
      </reference>
      <name value="HansSoloClinic"/>
      <description value="Location of Hans Solo's clinic"/>
      <exampleCanonical value="http://hl7.org/fhir/us/fhir-directory-exchange/StructureDefinition/NatlDirEx-Location"/>
    </resource>
    <resource>
      <extension url="http://hl7.org/fhir/tools/StructureDefinition/resource-information">
        <valueString value="PractitionerRole"/>
      </extension>
      <reference>
        <reference value="PractitionerRole/HansSoloRole1"/>
      </reference>
      <name value="HansSoloRole1"/>
      <description value="Hans Solo is a solo practitioner"/>
      <exampleCanonical value="http://hl7.org/fhir/us/fhir-directory-exchange/StructureDefinition/NatlDirEx-PractitionerRole"/>
    </resource>
    <resource>
      <extension url="http://hl7.org/fhir/tools/StructureDefinition/resource-information">
        <valueString value="HealthcareService"/>
      </extension>
      <reference>
        <reference value="HealthcareService/HansSoloService"/>
      </reference>
      <name value="HansSoloService"/>
      <description value="Hans Solo Services"/>
      <exampleCanonical value="http://hl7.org/fhir/us/fhir-directory-exchange/StructureDefinition/NatlDirEx-HealthcareService"/>
    </resource>
    <resource>
      <extension url="http://hl7.org/fhir/tools/StructureDefinition/resource-information">
        <valueString value="OrganizationAffiliation"/>
      </extension>
      <reference>
        <reference value="OrganizationAffiliation/HartfordOrthopedicAffil"/>
      </reference>
      <name value="HartfordOrthopedicAffil"/>
      <description value="Hartford Orthopedic Services affiliation with Acme of CT Provider Network and Hartford General Hospital"/>
      <exampleCanonical value="http://hl7.org/fhir/us/fhir-directory-exchange/StructureDefinition/NatlDirEx-OrganizationAffiliation"/>
    </resource>
    <resource>
      <extension url="http://hl7.org/fhir/tools/StructureDefinition/resource-information">
        <valueString value="HealthcareService"/>
      </extension>
      <reference>
        <reference value="HealthcareService/HartfordOrthopedicServices"/>
      </reference>
      <name value="HartfordOrthopedicServices"/>
      <description value="Hartford Orthopedic Services"/>
      <exampleCanonical value="http://hl7.org/fhir/us/fhir-directory-exchange/StructureDefinition/NatlDirEx-HealthcareService"/>
    </resource>
    <resource>
      <extension url="http://hl7.org/fhir/tools/StructureDefinition/resource-information">
        <valueString value="Organization"/>
      </extension>
      <reference>
        <reference value="Organization/HartfordOrthopedics"/>
      </reference>
      <name value="HartfordOrthopedics"/>
      <description value="Hartford Orthpedic Services is a group providing Orthpods for Acme of CT at Hartford General Hospital"/>
      <exampleCanonical value="http://hl7.org/fhir/us/fhir-directory-exchange/StructureDefinition/NatlDirEx-Organization"/>
    </resource>
    <resource>
      <extension url="http://hl7.org/fhir/tools/StructureDefinition/resource-information">
        <valueString value="SearchParameter"/>
      </extension>
      <reference>
        <reference value="SearchParameter/HealthcareService-coverage-area"/>
      </reference>
      <name value="Search by coverage-area in HealthcareService with multipleOr"/>
      <description value="This SearchParameter enables query of HealthcareService by `coverage-area` with `mutlipleOr` enabled."/>
      <exampleBoolean value="false"/>
    </resource>
    <resource>
      <extension url="http://hl7.org/fhir/tools/StructureDefinition/resource-information">
        <valueString value="SearchParameter"/>
      </extension>
      <reference>
        <reference value="SearchParameter/HealthcareService-endpoint"/>
      </reference>
      <name value="Search by endpoint in HealthcareService with multipleOr"/>
      <description value="This SearchParameter enables query of HealthcareService by `endpoint` with `mutlipleOr` enabled."/>
      <exampleBoolean value="false"/>
    </resource>
    <resource>
      <extension url="http://hl7.org/fhir/tools/StructureDefinition/resource-information">
        <valueString value="SearchParameter"/>
      </extension>
      <reference>
        <reference value="SearchParameter/HealthcareService-location"/>
      </reference>
      <name value="Search by location in HealthcareService with multipleOr"/>
      <description value="This SearchParameter enables query of HealthcareService by `location` with `mutlipleOr` enabled."/>
      <exampleBoolean value="false"/>
    </resource>
    <resource>
      <extension url="http://hl7.org/fhir/tools/StructureDefinition/resource-information">
        <valueString value="SearchParameter"/>
      </extension>
      <reference>
        <reference value="SearchParameter/HealthcareService-name"/>
      </reference>
      <name value="Search by name in HealthcareService with multipleOr"/>
      <description value="This SearchParameter enables query of HealthcareService by `name` with `mutlipleOr` enabled."/>
      <exampleBoolean value="false"/>
    </resource>
    <resource>
      <extension url="http://hl7.org/fhir/tools/StructureDefinition/resource-information">
        <valueString value="SearchParameter"/>
      </extension>
      <reference>
        <reference value="SearchParameter/HealthcareService-organization"/>
      </reference>
      <name value="Search by organization in HealthcareService with multipleOr"/>
      <description value="This SearchParameter enables query of HealthcareService by `organization` with `mutlipleOr` enabled."/>
      <exampleBoolean value="false"/>
    </resource>
    <resource>
      <extension url="http://hl7.org/fhir/tools/StructureDefinition/resource-information">
        <valueString value="SearchParameter"/>
      </extension>
      <reference>
        <reference value="SearchParameter/HealthcareService-service-category"/>
      </reference>
      <name value="Search by service-category in HealthcareService with multipleOr"/>
      <description value="This SearchParameter enables query of HealthcareService by `service-category` with `mutlipleOr` enabled."/>
      <exampleBoolean value="false"/>
    </resource>
    <resource>
      <extension url="http://hl7.org/fhir/tools/StructureDefinition/resource-information">
        <valueString value="SearchParameter"/>
      </extension>
      <reference>
        <reference value="SearchParameter/HealthcareService-service-type"/>
      </reference>
      <name value="Search by service-type in HealthcareService with multipleOr"/>
      <description value="This SearchParameter enables query of HealthcareService by `service-type` with `mutlipleOr` enabled."/>
      <exampleBoolean value="false"/>
    </resource>
    <resource>
      <extension url="http://hl7.org/fhir/tools/StructureDefinition/resource-information">
        <valueString value="SearchParameter"/>
      </extension>
      <reference>
        <reference value="SearchParameter/HealthcareService-specialty"/>
      </reference>
      <name value="Search by specialty in HealthcareService with multipleOr"/>
      <description value="This SearchParameter enables query of HealthcareService by `specialty` with `mutlipleOr` enabled."/>
      <exampleBoolean value="false"/>
    </resource>
    <resource>
      <extension url="http://hl7.org/fhir/tools/StructureDefinition/resource-information">
        <valueString value="HealthcareService"/>
      </extension>
      <reference>
        <reference value="HealthcareService/HospERService"/>
      </reference>
      <name value="HospERService"/>
      <description value="Hartford General Hospital ER"/>
      <exampleCanonical value="http://hl7.org/fhir/us/fhir-directory-exchange/StructureDefinition/NatlDirEx-HealthcareService"/>
    </resource>
    <resource>
      <extension url="http://hl7.org/fhir/tools/StructureDefinition/resource-information">
        <valueString value="Location"/>
      </extension>
      <reference>
        <reference value="Location/HospLoc1"/>
      </reference>
      <name value="HospLoc1"/>
      <description value="Location1 of Hartford Hospital"/>
      <exampleCanonical value="http://hl7.org/fhir/us/fhir-directory-exchange/StructureDefinition/NatlDirEx-Location"/>
    </resource>
    <resource>
      <extension url="http://hl7.org/fhir/tools/StructureDefinition/resource-information">
        <valueString value="Location"/>
      </extension>
      <reference>
        <reference value="Location/HospLoc2"/>
      </reference>
      <name value="HospLoc2"/>
      <description value="Location2 of Hartford Hospital"/>
      <exampleCanonical value="http://hl7.org/fhir/us/fhir-directory-exchange/StructureDefinition/NatlDirEx-Location"/>
    </resource>
    <resource>
      <extension url="http://hl7.org/fhir/tools/StructureDefinition/resource-information">
        <valueString value="Organization"/>
      </extension>
      <reference>
        <reference value="Organization/Hospital"/>
      </reference>
      <name value="Hospital"/>
      <description value="Hartford General Hospital"/>
      <exampleCanonical value="http://hl7.org/fhir/us/fhir-directory-exchange/StructureDefinition/NatlDirEx-Organization"/>
    </resource>
    <resource>
      <extension url="http://hl7.org/fhir/tools/StructureDefinition/resource-information">
        <valueString value="SearchParameter"/>
      </extension>
      <reference>
        <reference value="SearchParameter/InsurancePlan-administrated-by"/>
      </reference>
      <name value="Search by administrated-by in InsurancePlan with multipleOr"/>
      <description value="This SearchParameter enables query of InsurancePlan by `administrated-by` with `mutlipleOr` enabled."/>
      <exampleBoolean value="false"/>
    </resource>
    <resource>
      <extension url="http://hl7.org/fhir/tools/StructureDefinition/resource-information">
        <valueString value="SearchParameter"/>
      </extension>
      <reference>
        <reference value="SearchParameter/InsurancePlan-coverage-area"/>
      </reference>
      <name value="Search by coverage-area in InsurancePlan with multipleOr"/>
      <description value="This SearchParameter enables query of InsurancePlan by `coverage-area` with `mutlipleOr` enabled."/>
      <exampleBoolean value="false"/>
    </resource>
    <resource>
      <extension url="http://hl7.org/fhir/tools/StructureDefinition/resource-information">
        <valueString value="SearchParameter"/>
      </extension>
      <reference>
        <reference value="SearchParameter/InsurancePlan-coverage-benefit-type"/>
      </reference>
      <name value="Search by coverage-benefit-type in InsurancePlan with multipleOr"/>
      <description value="This SearchParameter enables query of InsurancePlan by `coverage-benefit-type` with `mutlipleOr` enabled."/>
      <exampleBoolean value="false"/>
    </resource>
    <resource>
      <extension url="http://hl7.org/fhir/tools/StructureDefinition/resource-information">
        <valueString value="SearchParameter"/>
      </extension>
      <reference>
        <reference value="SearchParameter/InsurancePlan-coverage-network"/>
      </reference>
      <name value="Search by coverage-network in InsurancePlan with multipleOr"/>
      <description value="This SearchParameter enables query of InsurancePlan by `coverage-network` with `mutlipleOr` enabled."/>
      <exampleBoolean value="false"/>
    </resource>
    <resource>
      <extension url="http://hl7.org/fhir/tools/StructureDefinition/resource-information">
        <valueString value="SearchParameter"/>
      </extension>
      <reference>
        <reference value="SearchParameter/InsurancePlan-identifier"/>
      </reference>
      <name value="Search by identifier in InsurancePlan with multipleOr"/>
      <description value="This SearchParameter enables query of InsurancePlan by `identifier` with `mutlipleOr` enabled."/>
      <exampleBoolean value="false"/>
    </resource>
    <resource>
      <extension url="http://hl7.org/fhir/tools/StructureDefinition/resource-information">
        <valueString value="SearchParameter"/>
      </extension>
      <reference>
        <reference value="SearchParameter/InsurancePlan-name"/>
      </reference>
      <name value="Search by name in InsurancePlan with multipleOr"/>
      <description value="This SearchParameter enables query of InsurancePlan by `specialty` with `mutlipleOr` enabled."/>
      <exampleBoolean value="false"/>
    </resource>
    <resource>
      <extension url="http://hl7.org/fhir/tools/StructureDefinition/resource-information">
        <valueString value="SearchParameter"/>
      </extension>
      <reference>
        <reference value="SearchParameter/InsurancePlan-owned-by"/>
      </reference>
      <name value="Search by owned-by in InsurancePlan with multipleOr"/>
      <description value="This SearchParameter enables query of InsurancePlan by `owned-by` with `mutlipleOr` enabled."/>
      <exampleBoolean value="false"/>
    </resource>
    <resource>
      <extension url="http://hl7.org/fhir/tools/StructureDefinition/resource-information">
        <valueString value="SearchParameter"/>
      </extension>
      <reference>
        <reference value="SearchParameter/InsurancePlan-type"/>
      </reference>
      <name value="Search by type in InsurancePlan with multipleOr"/>
      <description value="This SearchParameter enables query of InsurancePlan by `type` with `mutlipleOr` enabled."/>
      <exampleBoolean value="false"/>
    </resource>
    <resource>
      <extension url="http://hl7.org/fhir/tools/StructureDefinition/resource-information">
        <valueString value="Practitioner"/>
      </extension>
      <reference>
        <reference value="Practitioner/JoeSmith"/>
      </reference>
      <name value="JoeSmith"/>
      <description value="Practitioner Dr Joe Smith"/>
      <exampleCanonical value="http://hl7.org/fhir/us/fhir-directory-exchange/StructureDefinition/NatlDirEx-Practitioner"/>
    </resource>
    <resource>
      <extension url="http://hl7.org/fhir/tools/StructureDefinition/resource-information">
        <valueString value="PractitionerRole"/>
      </extension>
      <reference>
        <reference value="PractitionerRole/JoeSmithRole1"/>
      </reference>
      <name value="JoeSmithRole1"/>
      <description value="Dr Smith moonlighting as ER Doc at Hartford Hospital"/>
      <exampleCanonical value="http://hl7.org/fhir/us/fhir-directory-exchange/StructureDefinition/NatlDirEx-PractitionerRole"/>
    </resource>
    <resource>
      <extension url="http://hl7.org/fhir/tools/StructureDefinition/resource-information">
        <valueString value="PractitionerRole"/>
      </extension>
      <reference>
        <reference value="PractitionerRole/JoeSmithRole2"/>
      </reference>
      <name value="JoeSmithRole2"/>
      <description value="Dr Smith Internal Medicine at Burr Clinic"/>
      <exampleCanonical value="http://hl7.org/fhir/us/fhir-directory-exchange/StructureDefinition/NatlDirEx-PractitionerRole"/>
    </resource>
    <resource>
      <extension url="http://hl7.org/fhir/tools/StructureDefinition/resource-information">
        <valueString value="PractitionerRole"/>
      </extension>
      <reference>
        <reference value="PractitionerRole/JoeSmithRole3"/>
      </reference>
      <name value="JoeSmithRole3"/>
      <description value="Dr Smith Admitting Privileges at Hartford General"/>
      <exampleCanonical value="http://hl7.org/fhir/us/fhir-directory-exchange/StructureDefinition/NatlDirEx-PractitionerRole"/>
    </resource>
    <resource>
      <extension url="http://hl7.org/fhir/tools/StructureDefinition/resource-information">
        <valueString value="SearchParameter"/>
      </extension>
      <reference>
        <reference value="SearchParameter/Location-address"/>
      </reference>
      <name value="Search by address in Location with multipleOr"/>
      <description value="This SearchParameter enables query of Location by `address` with `mutlipleOr` enabled."/>
      <exampleBoolean value="false"/>
    </resource>
    <resource>
      <extension url="http://hl7.org/fhir/tools/StructureDefinition/resource-information">
        <valueString value="SearchParameter"/>
      </extension>
      <reference>
        <reference value="SearchParameter/Location-endpoint"/>
      </reference>
      <name value="Search by endpoint in Location with multipleOr"/>
      <description value="This SearchParameter enables query of Location by `endpoint` with `mutlipleOr` enabled."/>
      <exampleBoolean value="false"/>
    </resource>
    <resource>
      <extension url="http://hl7.org/fhir/tools/StructureDefinition/resource-information">
        <valueString value="SearchParameter"/>
      </extension>
      <reference>
        <reference value="SearchParameter/Location-organization"/>
      </reference>
      <name value="Search by organization in Location with multipleOr"/>
      <description value="This SearchParameter enables query of Location by `organization` with `mutlipleOr` enabled."/>
      <exampleBoolean value="false"/>
    </resource>
    <resource>
      <extension url="http://hl7.org/fhir/tools/StructureDefinition/resource-information">
        <valueString value="SearchParameter"/>
      </extension>
      <reference>
        <reference value="SearchParameter/Location-partOf"/>
      </reference>
      <name value="Search by partOf in Location with multipleOr"/>
      <description value="This SearchParameter enables query of Location by `partOf` with `mutlipleOr` enabled."/>
      <exampleBoolean value="false"/>
    </resource>
    <resource>
      <extension url="http://hl7.org/fhir/tools/StructureDefinition/resource-information">
        <valueString value="SearchParameter"/>
      </extension>
      <reference>
        <reference value="SearchParameter/Location-physicalType"/>
      </reference>
      <name value="Search by physicalType in Location with multipleOr"/>
      <description value="This SearchParameter enables query of Location by `physicalType` with `mutlipleOr` enabled."/>
      <exampleBoolean value="false"/>
    </resource>
    <resource>
      <extension url="http://hl7.org/fhir/tools/StructureDefinition/resource-information">
        <valueString value="SearchParameter"/>
      </extension>
      <reference>
        <reference value="SearchParameter/Location-type"/>
      </reference>
      <name value="Search by type in Location with multipleOr"/>
      <description value="This SearchParameter enables query of Location by `type` with `mutlipleOr` enabled."/>
      <exampleBoolean value="false"/>
    </resource>
    <resource>
      <extension url="http://hl7.org/fhir/tools/StructureDefinition/resource-information">
        <valueString value="SearchParameter"/>
      </extension>
      <reference>
        <reference value="SearchParameter/Network-coverage-area"/>
      </reference>
      <name value="Search by coverage-area in Network with multipleOr"/>
      <description value="This SearchParameter enables query of Network by `coverage-area` with `mutlipleOr` enabled."/>
      <exampleBoolean value="false"/>
    </resource>
    <resource>
      <extension url="http://hl7.org/fhir/tools/StructureDefinition/resource-information">
        <valueString value="SearchParameter"/>
      </extension>
      <reference>
        <reference value="SearchParameter/Network-name"/>
      </reference>
      <name value="Search by name in Network with multipleOr"/>
      <description value="This SearchParameter enables query of Network by `name` with `mutlipleOr` enabled."/>
      <exampleBoolean value="false"/>
    </resource>
    <resource>
      <extension url="http://hl7.org/fhir/tools/StructureDefinition/resource-information">
        <valueString value="SearchParameter"/>
      </extension>
      <reference>
        <reference value="SearchParameter/Organization-address"/>
      </reference>
      <name value="Search by address in Organization with multipleOr"/>
      <description value="This SearchParameter enables query of Organization by `address` with `mutlipleOr` enabled."/>
      <exampleBoolean value="false"/>
    </resource>
    <resource>
      <extension url="http://hl7.org/fhir/tools/StructureDefinition/resource-information">
        <valueString value="SearchParameter"/>
      </extension>
      <reference>
        <reference value="SearchParameter/Organization-endpoint"/>
      </reference>
      <name value="Search by endpoint in Organization with multipleOr"/>
      <description value="This SearchParameter enables query of Organization by `endpoint` with `mutlipleOr` enabled."/>
      <exampleBoolean value="false"/>
    </resource>
    <resource>
      <extension url="http://hl7.org/fhir/tools/StructureDefinition/resource-information">
        <valueString value="SearchParameter"/>
      </extension>
      <reference>
        <reference value="SearchParameter/Organization-identifier"/>
      </reference>
      <name value="Search by identifier in Organization with multipleOr"/>
      <description value="This SearchParameter enables query of Organization by `identifier` with `mutlipleOr` enabled."/>
      <exampleBoolean value="false"/>
    </resource>
    <resource>
      <extension url="http://hl7.org/fhir/tools/StructureDefinition/resource-information">
        <valueString value="SearchParameter"/>
      </extension>
      <reference>
        <reference value="SearchParameter/Organization-name"/>
      </reference>
      <name value="Search by name in Organization with multipleOr"/>
      <description value="This SearchParameter enables query of Organization by `name` with `mutlipleOr` enabled."/>
      <exampleBoolean value="false"/>
    </resource>
    <resource>
      <extension url="http://hl7.org/fhir/tools/StructureDefinition/resource-information">
        <valueString value="SearchParameter"/>
      </extension>
      <reference>
        <reference value="SearchParameter/Organization-partOf"/>
      </reference>
      <name value="Search by partOf in Organization with multipleOr"/>
      <description value="This SearchParameter enables query of Organization by `partOf` with `mutlipleOr` enabled."/>
      <exampleBoolean value="false"/>
    </resource>
    <resource>
      <extension url="http://hl7.org/fhir/tools/StructureDefinition/resource-information">
        <valueString value="SearchParameter"/>
      </extension>
      <reference>
        <reference value="SearchParameter/Organization-type"/>
      </reference>
      <name value="Search by type in Organization with multipleOr"/>
      <description value="This SearchParameter enables query of Organization by `type` with `mutlipleOr` enabled."/>
      <exampleBoolean value="false"/>
    </resource>
    <resource>
      <extension url="http://hl7.org/fhir/tools/StructureDefinition/resource-information">
        <valueString value="SearchParameter"/>
      </extension>
      <reference>
        <reference value="SearchParameter/OrganizationAffiliation-endpoint"/>
      </reference>
      <name value="Search by endpoint in OrganizationAffiliation with multipleOr"/>
      <description value="This SearchParameter enables query of Organization by `endpoint` with `mutlipleOr` enabled."/>
      <exampleBoolean value="false"/>
    </resource>
    <resource>
      <extension url="http://hl7.org/fhir/tools/StructureDefinition/resource-information">
        <valueString value="SearchParameter"/>
      </extension>
      <reference>
        <reference value="SearchParameter/OrganizationAffiliation-location"/>
      </reference>
      <name value="Search by location in OrganizationAffiliation with multipleOr"/>
      <description value="This SearchParameter enables query of Organization by `location` with `mutlipleOr` enabled."/>
      <exampleBoolean value="false"/>
    </resource>
    <resource>
      <extension url="http://hl7.org/fhir/tools/StructureDefinition/resource-information">
        <valueString value="SearchParameter"/>
      </extension>
      <reference>
        <reference value="SearchParameter/OrganizationAffiliation-network"/>
      </reference>
      <name value="Search by network in OrganizationAffiliation with multipleOr"/>
      <description value="This SearchParameter enables query of Organization by `network` with `mutlipleOr` enabled."/>
      <exampleBoolean value="false"/>
    </resource>
    <resource>
      <extension url="http://hl7.org/fhir/tools/StructureDefinition/resource-information">
        <valueString value="SearchParameter"/>
      </extension>
      <reference>
        <reference value="SearchParameter/OrganizationAffiliation-participating-organization"/>
      </reference>
      <name value="Search by participating-organization in OrganizationAffiliation with multipleOr"/>
      <description value="This SearchParameter enables query of Organization by `participating-organization` with `mutlipleOr` enabled."/>
      <exampleBoolean value="false"/>
    </resource>
    <resource>
      <extension url="http://hl7.org/fhir/tools/StructureDefinition/resource-information">
        <valueString value="SearchParameter"/>
      </extension>
      <reference>
        <reference value="SearchParameter/OrganizationAffiliation-primary-organization"/>
      </reference>
      <name value="Search by primary-organization in OrganizationAffiliation with multipleOr"/>
      <description value="This SearchParameter enables query of Organization by `primary-organization` with `mutlipleOr` enabled."/>
      <exampleBoolean value="false"/>
    </resource>
    <resource>
      <extension url="http://hl7.org/fhir/tools/StructureDefinition/resource-information">
        <valueString value="SearchParameter"/>
      </extension>
      <reference>
        <reference value="SearchParameter/OrganizationAffiliation-role"/>
      </reference>
      <name value="Search by role in OrganizationAffiliation with multipleOr"/>
      <description value="This SearchParameter enables query of Organization by `role` with `mutlipleOr` enabled."/>
      <exampleBoolean value="false"/>
    </resource>
    <resource>
      <extension url="http://hl7.org/fhir/tools/StructureDefinition/resource-information">
        <valueString value="SearchParameter"/>
      </extension>
      <reference>
        <reference value="SearchParameter/OrganizationAffiliation-service"/>
      </reference>
      <name value="Search by service in OrganizationAffiliation with multipleOr"/>
      <description value="This SearchParameter enables query of Organization by `service` with `mutlipleOr` enabled."/>
      <exampleBoolean value="false"/>
    </resource>
    <resource>
      <extension url="http://hl7.org/fhir/tools/StructureDefinition/resource-information">
        <valueString value="SearchParameter"/>
      </extension>
      <reference>
        <reference value="SearchParameter/OrganizationAffiliation-specialty"/>
      </reference>
      <name value="Search by specialty in OrganizationAffiliation with multipleOr"/>
      <description value="This SearchParameter enables query of Organization by `specialty` with `mutlipleOr` enabled."/>
      <exampleBoolean value="false"/>
    </resource>
    <resource>
      <extension url="http://hl7.org/fhir/tools/StructureDefinition/resource-information">
        <valueString value="Consent"/>
      </extension>
      <reference>
        <reference value="Consent/PatientConsent"/>
      </reference>
      <name value="PatientConsent"/>
      <description value="Patient that gives consent"/>
      <exampleCanonical value="http://hl7.org/fhir/us/fhir-directory-exchange/StructureDefinition/NatlDirEx-Restriction"/>
    </resource>
    <resource>
      <extension url="http://hl7.org/fhir/tools/StructureDefinition/resource-information">
        <valueString value="Organization"/>
      </extension>
      <reference>
        <reference value="Organization/PharmChain"/>
      </reference>
      <name value="PharmChain"/>
      <description value="Organization that Provides Pharmacy Services"/>
      <exampleCanonical value="http://hl7.org/fhir/us/fhir-directory-exchange/StructureDefinition/NatlDirEx-Organization"/>
    </resource>
    <resource>
      <extension url="http://hl7.org/fhir/tools/StructureDefinition/resource-information">
        <valueString value="OrganizationAffiliation"/>
      </extension>
      <reference>
        <reference value="OrganizationAffiliation/PharmChainAffil1"/>
      </reference>
      <name value="PharmChainAffil1"/>
      <description value="Organization Affiliation for PharmChain (Retail)"/>
      <exampleCanonical value="http://hl7.org/fhir/us/fhir-directory-exchange/StructureDefinition/NatlDirEx-OrganizationAffiliation"/>
    </resource>
    <resource>
      <extension url="http://hl7.org/fhir/tools/StructureDefinition/resource-information">
        <valueString value="OrganizationAffiliation"/>
      </extension>
      <reference>
        <reference value="OrganizationAffiliation/PharmChainAffil2"/>
      </reference>
      <name value="PharmChainAffil2"/>
      <description value="Organization Affiliation for PharmChain (Compounding)"/>
      <exampleCanonical value="http://hl7.org/fhir/us/fhir-directory-exchange/StructureDefinition/NatlDirEx-OrganizationAffiliation"/>
    </resource>
    <resource>
      <extension url="http://hl7.org/fhir/tools/StructureDefinition/resource-information">
        <valueString value="OrganizationAffiliation"/>
      </extension>
      <reference>
        <reference value="OrganizationAffiliation/PharmChainAffil3"/>
      </reference>
      <name value="PharmChainAffil3"/>
      <description value="Organization Affiliation for PharmChain (MailOrder)"/>
      <exampleCanonical value="http://hl7.org/fhir/us/fhir-directory-exchange/StructureDefinition/NatlDirEx-OrganizationAffiliation"/>
    </resource>
    <resource>
      <extension url="http://hl7.org/fhir/tools/StructureDefinition/resource-information">
        <valueString value="HealthcareService"/>
      </extension>
      <reference>
        <reference value="HealthcareService/PharmChainCompService"/>
      </reference>
      <name value="PharmChainCompService"/>
      <description value="Compound Pharmacy Service provided by PharmacyOrganization A"/>
      <exampleCanonical value="http://hl7.org/fhir/us/fhir-directory-exchange/StructureDefinition/NatlDirEx-HealthcareService"/>
    </resource>
    <resource>
      <extension url="http://hl7.org/fhir/tools/StructureDefinition/resource-information">
        <valueString value="HealthcareService"/>
      </extension>
      <reference>
        <reference value="HealthcareService/PharmChainMailService"/>
      </reference>
      <name value="PharmChainMailService"/>
      <description value="Mail Order Pharmacy Service provided by PharmacyOrganization A"/>
      <exampleCanonical value="http://hl7.org/fhir/us/fhir-directory-exchange/StructureDefinition/NatlDirEx-HealthcareService"/>
    </resource>
    <resource>
      <extension url="http://hl7.org/fhir/tools/StructureDefinition/resource-information">
        <valueString value="HealthcareService"/>
      </extension>
      <reference>
        <reference value="HealthcareService/PharmChainRetailService"/>
      </reference>
      <name value="PharmChainRetailService"/>
      <description value="Pharmacy Service provided by PharmChain"/>
      <exampleCanonical value="http://hl7.org/fhir/us/fhir-directory-exchange/StructureDefinition/NatlDirEx-HealthcareService"/>
    </resource>
    <resource>
      <extension url="http://hl7.org/fhir/tools/StructureDefinition/resource-information">
        <valueString value="Location"/>
      </extension>
      <reference>
        <reference value="Location/PharmLoc1"/>
      </reference>
      <name value="PharmLoc1"/>
      <description value="Location of Pharmacy1 in PharmChain's network"/>
      <exampleCanonical value="http://hl7.org/fhir/us/fhir-directory-exchange/StructureDefinition/NatlDirEx-Location"/>
    </resource>
    <resource>
      <extension url="http://hl7.org/fhir/tools/StructureDefinition/resource-information">
        <valueString value="Location"/>
      </extension>
      <reference>
        <reference value="Location/PharmLoc2"/>
      </reference>
      <name value="PharmLoc2"/>
      <description value="Location of Pharmacy2 in PharmChain's network"/>
      <exampleCanonical value="http://hl7.org/fhir/us/fhir-directory-exchange/StructureDefinition/NatlDirEx-Location"/>
    </resource>
    <resource>
      <extension url="http://hl7.org/fhir/tools/StructureDefinition/resource-information">
        <valueString value="Location"/>
      </extension>
      <reference>
        <reference value="Location/PharmLoc3"/>
      </reference>
      <name value="PharmLoc3"/>
      <description value="Location of Pharmacy3 in PharmChain's network"/>
      <exampleCanonical value="http://hl7.org/fhir/us/fhir-directory-exchange/StructureDefinition/NatlDirEx-Location"/>
    </resource>
    <resource>
      <extension url="http://hl7.org/fhir/tools/StructureDefinition/resource-information">
        <valueString value="Location"/>
      </extension>
      <reference>
        <reference value="Location/PharmLoc4"/>
      </reference>
      <name value="PharmLoc4"/>
      <description value="Location of Pharmacy4 in PharmChain's network"/>
      <exampleCanonical value="http://hl7.org/fhir/us/fhir-directory-exchange/StructureDefinition/NatlDirEx-Location"/>
    </resource>
    <resource>
      <extension url="http://hl7.org/fhir/tools/StructureDefinition/resource-information">
        <valueString value="VerificationResult"/>
      </extension>
      <reference>
        <reference value="VerificationResult/ProviderAttestation"/>
      </reference>
      <name value="ProviderAttestation"/>
      <description value="Patient that gives consent"/>
      <exampleCanonical value="http://hl7.org/fhir/us/fhir-directory-exchange/StructureDefinition/NatlDirEx-Validation"/>
    </resource>
    <resource>
      <extension url="http://hl7.org/fhir/tools/StructureDefinition/resource-information">
        <valueString value="Location"/>
      </extension>
      <reference>
        <reference value="Location/StateOfCTLocation"/>
      </reference>
      <name value="StateOfCTLocation"/>
      <description value="State of CT Area"/>
      <exampleCanonical value="http://hl7.org/fhir/us/fhir-directory-exchange/StructureDefinition/NatlDirEx-Location"/>
    </resource>
    <resource>
      <extension url="http://hl7.org/fhir/tools/StructureDefinition/resource-information">
        <valueString value="SearchParameter"/>
      </extension>
      <reference>
        <reference value="SearchParameter/VerificationResult-attestation-who"/>
      </reference>
      <name value="Search by attestation-who in VerificationResult with multipleOr"/>
      <description value="This SearchParameter enables query of VerificationResult by `attestation-who` with `mutlipleOr` enabled."/>
      <exampleBoolean value="false"/>
    </resource>
    <resource>
      <extension url="http://hl7.org/fhir/tools/StructureDefinition/resource-information">
        <valueString value="SearchParameter"/>
      </extension>
      <reference>
        <reference value="SearchParameter/VerificationResult-primarysource-who"/>
      </reference>
      <name value="Search by primarysource-who in VerificationResult with multipleOr"/>
      <description value="This SearchParameter enables query of VerificationResult by `primarysource-who` with `mutlipleOr` enabled."/>
      <exampleBoolean value="false"/>
    </resource>
    <resource>
      <extension url="http://hl7.org/fhir/tools/StructureDefinition/resource-information">
        <valueString value="SearchParameter"/>
      </extension>
      <reference>
        <reference value="SearchParameter/VerificationResult-target"/>
      </reference>
      <name value="Search by target in InsurancePlan with multipleOr"/>
      <description value="This SearchParameter enables query of VerificationResult by `target` with `mutlipleOr` enabled."/>
      <exampleBoolean value="false"/>
    </resource>
    <resource>
      <extension url="http://hl7.org/fhir/tools/StructureDefinition/resource-information">
        <valueString value="HealthcareService"/>
      </extension>
      <reference>
        <reference value="HealthcareService/VirtualCounselService"/>
      </reference>
      <name value="VirtualCounselService"/>
      <description value="Virtual Counseling Service"/>
      <exampleCanonical value="http://hl7.org/fhir/us/fhir-directory-exchange/StructureDefinition/NatlDirEx-HealthcareService"/>
    </resource>
    <resource>
      <extension url="http://hl7.org/fhir/tools/StructureDefinition/resource-information">
        <valueString value="SearchParameter"/>
      </extension>
      <reference>
        <reference value="SearchParameter/careTeam-category"/>
      </reference>
      <name value="Search by category in CareTeam with multipleOr"/>
      <description value="This SearchParameter enables query of Careteams by `category` with `mutlipleOr` enabled."/>
      <exampleBoolean value="false"/>
    </resource>
    <resource>
      <extension url="http://hl7.org/fhir/tools/StructureDefinition/resource-information">
        <valueString value="SearchParameter"/>
      </extension>
      <reference>
        <reference value="SearchParameter/careTeam-endpoint"/>
      </reference>
      <name value="Search by endpoint in CareTeam with multipleOr"/>
      <description value="This SearchParameter enables query of Careteams by `endpoint` with `mutlipleOr` enabled."/>
      <exampleBoolean value="false"/>
    </resource>
    <resource>
      <extension url="http://hl7.org/fhir/tools/StructureDefinition/resource-information">
        <valueString value="SearchParameter"/>
      </extension>
      <reference>
        <reference value="SearchParameter/careTeam-location"/>
      </reference>
      <name value="Search by location in CareTeam with multipleOr"/>
      <description value="This SearchParameter enables query of Careteams by `location` with `mutlipleOr` enabled."/>
      <exampleBoolean value="false"/>
    </resource>
    <resource>
      <extension url="http://hl7.org/fhir/tools/StructureDefinition/resource-information">
        <valueString value="SearchParameter"/>
      </extension>
      <reference>
        <reference value="SearchParameter/careTeam-name"/>
      </reference>
      <name value="Search by name in CareTeam with multipleOr"/>
      <description value="This SearchParameter enables query of Careteams by `name` with `mutlipleOr` enabled."/>
      <exampleBoolean value="false"/>
    </resource>
    <resource>
      <extension url="http://hl7.org/fhir/tools/StructureDefinition/resource-information">
        <valueString value="SearchParameter"/>
      </extension>
      <reference>
        <reference value="SearchParameter/careTeam-organization"/>
      </reference>
      <name value="Search by organization in CareTeam with multipleOr"/>
      <description value="This SearchParameter enables query of Careteams by `organization` with `mutlipleOr` enabled."/>
      <exampleBoolean value="false"/>
    </resource>
    <resource>
      <extension url="http://hl7.org/fhir/tools/StructureDefinition/resource-information">
        <valueString value="SearchParameter"/>
      </extension>
      <reference>
        <reference value="SearchParameter/careTeam-service"/>
      </reference>
      <name value="Search by service in CareTeam with multipleOr"/>
      <description value="This SearchParameter enables query of Careteams by `service` with `mutlipleOr` enabled."/>
      <exampleBoolean value="false"/>
    </resource>
    <resource>
      <extension url="http://hl7.org/fhir/tools/StructureDefinition/resource-information">
        <valueString value="CapabilityStatement"/>
      </extension>
      <reference>
        <reference value="CapabilityStatement/fhir-national-directory"/>
      </reference>
      <name value="fhir-national-directory"/>
      <description value="Capabilities for a validated national directory server"/>
      <exampleBoolean value="false"/>
    </resource>
    <resource>
      <extension url="http://hl7.org/fhir/tools/StructureDefinition/resource-information">
        <valueString value="SearchParameter"/>
      </extension>
      <reference>
        <reference value="SearchParameter/practitioner-family"/>
      </reference>
      <name value="Search by family name in practitioner with multipleOr"/>
      <description value="This SearchParameter enables query of practitioner by `family` with `mutlipleOr` enabled."/>
      <exampleBoolean value="false"/>
    </resource>
    <resource>
      <extension url="http://hl7.org/fhir/tools/StructureDefinition/resource-information">
        <valueString value="SearchParameter"/>
      </extension>
      <reference>
        <reference value="SearchParameter/practitioner-given"/>
      </reference>
      <name value="Search by given name in practitioner with multipleOr"/>
      <description value="This SearchParameter enables query of practitioner by `given` with `mutlipleOr` enabled."/>
      <exampleBoolean value="false"/>
    </resource>
    <resource>
      <extension url="http://hl7.org/fhir/tools/StructureDefinition/resource-information">
        <valueString value="SearchParameter"/>
      </extension>
      <reference>
        <reference value="SearchParameter/practitioner-identifier"/>
      </reference>
      <name value="Search by identifier in practitioner with multipleOr"/>
      <description value="This SearchParameter enables query of practitioner by `identifier` with `mutlipleOr` enabled."/>
      <exampleBoolean value="false"/>
    </resource>
    <resource>
      <extension url="http://hl7.org/fhir/tools/StructureDefinition/resource-information">
        <valueString value="SearchParameter"/>
      </extension>
      <reference>
        <reference value="SearchParameter/practitioner-identifier-assigner"/>
      </reference>
      <name value="Search by identifier-assigner in practitioner with multipleOr"/>
      <description value="This SearchParameter enables query of practitioner by `identifier-assigner` with `mutlipleOr` enabled."/>
      <exampleBoolean value="false"/>
    </resource>
    <resource>
      <extension url="http://hl7.org/fhir/tools/StructureDefinition/resource-information">
        <valueString value="SearchParameter"/>
      </extension>
      <reference>
        <reference value="SearchParameter/practitioner-name"/>
      </reference>
      <name value="Search by name in practitioner with multipleOr"/>
      <description value="This SearchParameter enables query of practitioner by `name` with `mutlipleOr` enabled."/>
      <exampleBoolean value="false"/>
    </resource>
    <resource>
      <extension url="http://hl7.org/fhir/tools/StructureDefinition/resource-information">
        <valueString value="SearchParameter"/>
      </extension>
      <reference>
        <reference value="SearchParameter/practitioner-qualification-code"/>
      </reference>
      <name value="Search by qualification-code in practitioner with multipleOr"/>
      <description value="This SearchParameter enables query of practitioner by `qualification-code` with `mutlipleOr` enabled."/>
      <exampleBoolean value="false"/>
    </resource>
    <resource>
      <extension url="http://hl7.org/fhir/tools/StructureDefinition/resource-information">
        <valueString value="SearchParameter"/>
      </extension>
      <reference>
        <reference value="SearchParameter/practitioner-qualification-issuer"/>
      </reference>
      <name value="Search by qualification-issuer in practitioner with multipleOr"/>
      <description value="This SearchParameter enables query of practitioner by `qualification-issuer` with `mutlipleOr` enabled."/>
      <exampleBoolean value="false"/>
    </resource>
    <resource>
      <extension url="http://hl7.org/fhir/tools/StructureDefinition/resource-information">
        <valueString value="SearchParameter"/>
      </extension>
      <reference>
        <reference value="SearchParameter/practitionerRole-endpoint"/>
      </reference>
      <name value="Search by endpoint in practitionerRole with multipleOr"/>
      <description value="This SearchParameter enables query of practitionerRole by `endpoint` with `mutlipleOr` enabled."/>
      <exampleBoolean value="false"/>
    </resource>
    <resource>
      <extension url="http://hl7.org/fhir/tools/StructureDefinition/resource-information">
        <valueString value="SearchParameter"/>
      </extension>
      <reference>
        <reference value="SearchParameter/practitionerRole-location"/>
      </reference>
      <name value="Search by location in practitionerRole with multipleOr"/>
      <description value="This SearchParameter enables query of practitionerRole by `location` with `mutlipleOr` enabled."/>
      <exampleBoolean value="false"/>
    </resource>
    <resource>
      <extension url="http://hl7.org/fhir/tools/StructureDefinition/resource-information">
        <valueString value="SearchParameter"/>
      </extension>
      <reference>
        <reference value="SearchParameter/practitionerRole-network"/>
      </reference>
      <name value="Search by network in practitionerRole with multipleOr"/>
      <description value="This SearchParameter enables query of practitionerRole by `network` with `mutlipleOr` enabled."/>
      <exampleBoolean value="false"/>
    </resource>
    <resource>
      <extension url="http://hl7.org/fhir/tools/StructureDefinition/resource-information">
        <valueString value="SearchParameter"/>
      </extension>
      <reference>
        <reference value="SearchParameter/practitionerRole-organization"/>
      </reference>
      <name value="Search by organization in practitionerRole with multipleOr"/>
      <description value="This SearchParameter enables query of practitionerRole by `organization` with `mutlipleOr` enabled."/>
      <exampleBoolean value="false"/>
    </resource>
    <resource>
      <extension url="http://hl7.org/fhir/tools/StructureDefinition/resource-information">
        <valueString value="SearchParameter"/>
      </extension>
      <reference>
        <reference value="SearchParameter/practitionerRole-practitioner"/>
      </reference>
      <name value="Search by practitioner in practitionerRole with multipleOr"/>
      <description value="This SearchParameter enables query of practitionerRole by `practitioner` with `mutlipleOr` enabled."/>
      <exampleBoolean value="false"/>
    </resource>
    <resource>
      <extension url="http://hl7.org/fhir/tools/StructureDefinition/resource-information">
        <valueString value="SearchParameter"/>
      </extension>
      <reference>
        <reference value="SearchParameter/practitionerRole-role"/>
      </reference>
      <name value="Search by role in practitionerRole with multipleOr"/>
      <description value="This SearchParameter enables query of practitionerRole by `role` with `mutlipleOr` enabled."/>
      <exampleBoolean value="false"/>
    </resource>
    <resource>
      <extension url="http://hl7.org/fhir/tools/StructureDefinition/resource-information">
        <valueString value="SearchParameter"/>
      </extension>
      <reference>
        <reference value="SearchParameter/practitionerRole-service"/>
      </reference>
      <name value="Search by service in practitionerRole with multipleOr"/>
      <description value="This SearchParameter enables query of practitionerRole by `service` with `mutlipleOr` enabled."/>
      <exampleBoolean value="false"/>
    </resource>
    <resource>
      <extension url="http://hl7.org/fhir/tools/StructureDefinition/resource-information">
        <valueString value="SearchParameter"/>
      </extension>
      <reference>
        <reference value="SearchParameter/practitionerRole-specialty"/>
      </reference>
      <name value="Search by specialty in practitionerRole with multipleOr"/>
      <description value="This SearchParameter enables query of practitionerRole by `specialty` with `mutlipleOr` enabled."/>
      <exampleBoolean value="false"/>
    </resource>
    <page>
      <nameUrl value="toc.html"/>
      <title value="Table of Contents"/>
      <generation value="html"/>
      <page>
        <nameUrl value="index.html"/>
        <title value="Home"/>
        <generation value="markdown"/>
      </page>
      <page>
        <nameUrl value="accessibility-diff2.html"/>
        <title value="Accessibility Diff 2"/>
        <generation value="markdown"/>
      </page>
      <page>
        <nameUrl value="accessibility-search.html"/>
        <title value="Accessibility Search"/>
        <generation value="markdown"/>
      </page>
      <page>
        <nameUrl value="accessibility-summary.html"/>
        <title value="Accessibility Summary"/>
        <generation value="markdown"/>
      </page>
      <page>
        <nameUrl value="all-examples.html"/>
        <title value="All Examples"/>
        <generation value="markdown"/>
      </page>
      <page>
        <nameUrl value="bulk-data.html"/>
        <title value="Bulk Data"/>
        <generation value="markdown"/>
      </page>
      <page>
        <nameUrl value="capstatements.html"/>
        <title value="Capstatements"/>
        <generation value="markdown"/>
      </page>
      <page>
        <nameUrl value="careteam-alias-diff2.html"/>
        <title value="Careteam Alias Diff 2"/>
        <generation value="markdown"/>
      </page>
      <page>
        <nameUrl value="careteam-alias-search.html"/>
        <title value="Careteam Alias Search"/>
        <generation value="markdown"/>
      </page>
      <page>
        <nameUrl value="careteam-alias-summary.html"/>
        <title value="Careteam Alias Summary"/>
        <generation value="markdown"/>
      </page>
      <page>
        <nameUrl value="communication-proficiency-diff2.html"/>
        <title value="Communication Proficiency Diff 2"/>
        <generation value="markdown"/>
      </page>
      <page>
        <nameUrl value="communication-proficiency-search.html"/>
        <title value="Communication Proficiency Search"/>
        <generation value="markdown"/>
      </page>
      <page>
        <nameUrl value="communication-proficiency-summary.html"/>
        <title value="Communication Proficiency Summary"/>
        <generation value="markdown"/>
      </page>
      <page>
        <nameUrl value="conformance.html"/>
        <title value="Conformance"/>
        <generation value="markdown"/>
      </page>
      <page>
        <nameUrl value="contactpoint-availabletime-diff2.html"/>
        <title value="Contactpoint Availabletime Diff 2"/>
        <generation value="markdown"/>
      </page>
      <page>
        <nameUrl value="contactpoint-availabletime-search.html"/>
        <title value="Contactpoint Availabletime Search"/>
        <generation value="markdown"/>
      </page>
      <page>
        <nameUrl value="contactpoint-availabletime-summary.html"/>
        <title value="Contactpoint Availabletime Summary"/>
        <generation value="markdown"/>
      </page>
      <page>
        <nameUrl value="contactpoint-viaintermediary-diff2.html"/>
        <title value="Contactpoint Viaintermediary Diff 2"/>
        <generation value="markdown"/>
      </page>
      <page>
        <nameUrl value="contactpoint-viaintermediary-search.html"/>
        <title value="Contactpoint Viaintermediary Search"/>
        <generation value="markdown"/>
      </page>
      <page>
        <nameUrl value="contactpoint-viaintermediary-summary.html"/>
        <title value="Contactpoint Viaintermediary Summary"/>
        <generation value="markdown"/>
      </page>
      <page>
        <nameUrl value="digitalcertificate-diff2.html"/>
        <title value="Digitalcertificate Diff 2"/>
        <generation value="markdown"/>
      </page>
      <page>
        <nameUrl value="digitalcertificate-search.html"/>
        <title value="Digitalcertificate Search"/>
        <generation value="markdown"/>
      </page>
      <page>
        <nameUrl value="digitalcertificate-summary.html"/>
        <title value="Digitalcertificate Summary"/>
        <generation value="markdown"/>
      </page>
      <page>
        <nameUrl value="downloads.html"/>
        <title value="Downloads"/>
        <generation value="markdown"/>
      </page>
      <page>
        <nameUrl value="ehr-diff2.html"/>
        <title value="Ehr Diff 2"/>
        <generation value="markdown"/>
      </page>
      <page>
        <nameUrl value="ehr-search.html"/>
        <title value="Ehr Search"/>
        <generation value="markdown"/>
      </page>
      <page>
        <nameUrl value="ehr-summary.html"/>
        <title value="Ehr Summary"/>
        <generation value="markdown"/>
      </page>
      <page>
        <nameUrl value="endpoint-rank-diff2.html"/>
        <title value="Endpoint Rank Diff 2"/>
        <generation value="markdown"/>
      </page>
      <page>
        <nameUrl value="endpoint-rank-search.html"/>
        <title value="Endpoint Rank Search"/>
        <generation value="markdown"/>
      </page>
      <page>
        <nameUrl value="endpoint-rank-summary.html"/>
        <title value="Endpoint Rank Summary"/>
        <generation value="markdown"/>
      </page>
      <page>
        <nameUrl value="endpoint-reference-diff2.html"/>
        <title value="Endpoint Reference Diff 2"/>
        <generation value="markdown"/>
      </page>
      <page>
        <nameUrl value="endpoint-reference-search.html"/>
        <title value="Endpoint Reference Search"/>
        <generation value="markdown"/>
      </page>
      <page>
        <nameUrl value="endpoint-reference-summary.html"/>
        <title value="Endpoint Reference Summary"/>
        <generation value="markdown"/>
      </page>
      <page>
        <nameUrl value="endpoint-usecase-diff2.html"/>
        <title value="Endpoint Usecase Diff 2"/>
        <generation value="markdown"/>
      </page>
      <page>
        <nameUrl value="endpoint-usecase-search.html"/>
        <title value="Endpoint Usecase Search"/>
        <generation value="markdown"/>
      </page>
      <page>
        <nameUrl value="endpoint-usecase-summary.html"/>
        <title value="Endpoint Usecase Summary"/>
        <generation value="markdown"/>
      </page>
      <page>
        <nameUrl value="example-list-generator.html"/>
        <title value="Example List Generator"/>
        <generation value="markdown"/>
      </page>
      <page>
        <nameUrl value="examples.html"/>
        <title value="Examples"/>
        <generation value="html"/>
      </page>
      <page>
        <nameUrl value="extensions.html"/>
        <title value="Extensions"/>
        <generation value="markdown"/>
      </page>
      <page>
        <nameUrl value="general-guidance.html"/>
        <title value="General Guidance"/>
        <generation value="markdown"/>
      </page>
      <page>
        <nameUrl value="general-guidanceOld.html"/>
        <title value="General Guidance Old"/>
        <generation value="markdown"/>
      </page>
      <page>
        <nameUrl value="guidance.html"/>
        <title value="Guidance"/>
        <generation value="markdown"/>
      </page>
      <page>
        <nameUrl value="healthcareservice-reference-diff2.html"/>
        <title value="Healthcareservice Reference Diff 2"/>
        <generation value="markdown"/>
      </page>
      <page>
        <nameUrl value="healthcareservice-reference-search.html"/>
        <title value="Healthcareservice Reference Search"/>
        <generation value="markdown"/>
      </page>
      <page>
        <nameUrl value="healthcareservice-reference-summary.html"/>
        <title value="Healthcareservice Reference Summary"/>
        <generation value="markdown"/>
      </page>
      <page>
        <nameUrl value="history.html"/>
        <title value="History"/>
        <generation value="markdown"/>
      </page>
      <page>
        <nameUrl value="identifier-status-diff2.html"/>
        <title value="Identifier Status Diff 2"/>
        <generation value="markdown"/>
      </page>
      <page>
        <nameUrl value="identifier-status-search.html"/>
        <title value="Identifier Status Search"/>
        <generation value="markdown"/>
      </page>
      <page>
        <nameUrl value="identifier-status-summary.html"/>
        <title value="Identifier Status Summary"/>
        <generation value="markdown"/>
      </page>
      <page>
        <nameUrl value="insuranceplan-reference-diff2.html"/>
        <title value="Insuranceplan Reference Diff 2"/>
        <generation value="markdown"/>
      </page>
      <page>
        <nameUrl value="insuranceplan-reference-search.html"/>
        <title value="Insuranceplan Reference Search"/>
        <generation value="markdown"/>
      </page>
      <page>
        <nameUrl value="insuranceplan-reference-summary.html"/>
        <title value="Insuranceplan Reference Summary"/>
        <generation value="markdown"/>
      </page>
      <page>
        <nameUrl value="link-list.html"/>
        <title value="Link List"/>
        <generation value="markdown"/>
      </page>
      <page>
        <nameUrl value="location-availability-search.html"/>
        <title value="Location Availability Search"/>
        <generation value="markdown"/>
      </page>
      <page>
        <nameUrl value="location-availability-summary.html"/>
        <title value="Location Availability Summary"/>
        <generation value="markdown"/>
      </page>
      <page>
        <nameUrl value="location-reference-diff2.html"/>
        <title value="Location Reference Diff 2"/>
        <generation value="markdown"/>
      </page>
      <page>
        <nameUrl value="location-reference-search.html"/>
        <title value="Location Reference Search"/>
        <generation value="markdown"/>
      </page>
      <page>
        <nameUrl value="location-reference-summary.html"/>
        <title value="Location Reference Summary"/>
        <generation value="markdown"/>
      </page>
      <page>
        <nameUrl value="logo.html"/>
        <title value="Logo"/>
        <generation value="markdown"/>
      </page>
      <page>
        <nameUrl value="network-reference-diff2.html"/>
        <title value="Network Reference Diff 2"/>
        <generation value="markdown"/>
      </page>
      <page>
        <nameUrl value="network-reference-search.html"/>
        <title value="Network Reference Search"/>
        <generation value="markdown"/>
      </page>
      <page>
        <nameUrl value="network-reference-summary.html"/>
        <title value="Network Reference Summary"/>
        <generation value="markdown"/>
      </page>
      <page>
        <nameUrl value="newpatientprofile-diff2.html"/>
        <title value="Newpatientprofile Diff 2"/>
        <generation value="markdown"/>
      </page>
      <page>
        <nameUrl value="newpatientprofile-search.html"/>
        <title value="Newpatientprofile Search"/>
        <generation value="markdown"/>
      </page>
      <page>
        <nameUrl value="newpatientprofile-summary.html"/>
        <title value="Newpatientprofile Summary"/>
        <generation value="markdown"/>
      </page>
      <page>
        <nameUrl value="newpatients-diff2.html"/>
        <title value="Newpatients Diff 2"/>
        <generation value="markdown"/>
      </page>
      <page>
        <nameUrl value="newpatients-search.html"/>
        <title value="Newpatients Search"/>
        <generation value="markdown"/>
      </page>
      <page>
        <nameUrl value="newpatients-summary.html"/>
        <title value="Newpatients Summary"/>
        <generation value="markdown"/>
      </page>
      <page>
        <nameUrl value="org-alias-period-diff2.html"/>
        <title value="Org Alias Period Diff 2"/>
        <generation value="markdown"/>
      </page>
      <page>
        <nameUrl value="org-alias-period-search.html"/>
        <title value="Org Alias Period Search"/>
        <generation value="markdown"/>
      </page>
      <page>
        <nameUrl value="org-alias-period-summary.html"/>
        <title value="Org Alias Period Summary"/>
        <generation value="markdown"/>
      </page>
      <page>
        <nameUrl value="org-alias-type-diff2.html"/>
        <title value="Org Alias Type Diff 2"/>
        <generation value="markdown"/>
      </page>
      <page>
        <nameUrl value="org-alias-type-search.html"/>
        <title value="Org Alias Type Search"/>
        <generation value="markdown"/>
      </page>
      <page>
        <nameUrl value="org-alias-type-summary.html"/>
        <title value="Org Alias Type Summary"/>
        <generation value="markdown"/>
      </page>
      <page>
        <nameUrl value="org-description-diff2.html"/>
        <title value="Org Description Diff 2"/>
        <generation value="markdown"/>
      </page>
      <page>
        <nameUrl value="org-description-search.html"/>
        <title value="Org Description Search"/>
        <generation value="markdown"/>
      </page>
      <page>
        <nameUrl value="org-description-summary.html"/>
        <title value="Org Description Summary"/>
        <generation value="markdown"/>
      </page>
      <page>
        <nameUrl value="practitioner-qualification-diff2.html"/>
        <title value="Practitioner Qualification Diff 2"/>
        <generation value="markdown"/>
      </page>
      <page>
        <nameUrl value="practitioner-qualification-search.html"/>
        <title value="Practitioner Qualification Search"/>
        <generation value="markdown"/>
      </page>
      <page>
        <nameUrl value="practitioner-qualification-summary.html"/>
        <title value="Practitioner Qualification Summary"/>
        <generation value="markdown"/>
      </page>
      <page>
        <nameUrl value="profiles.html"/>
        <title value="Profiles"/>
        <generation value="markdown"/>
      </page>
      <page>
        <nameUrl value="qualification-diff2.html"/>
        <title value="Qualification Diff 2"/>
        <generation value="markdown"/>
      </page>
      <page>
        <nameUrl value="qualification-search.html"/>
        <title value="Qualification Search"/>
        <generation value="markdown"/>
      </page>
      <page>
        <nameUrl value="qualification-summary.html"/>
        <title value="Qualification Summary"/>
        <generation value="markdown"/>
      </page>
      <page>
        <nameUrl value="schematron-list-generator.html"/>
        <title value="Schematron List Generator"/>
        <generation value="markdown"/>
      </page>
      <page>
        <nameUrl value="searchparameters.html"/>
        <title value="Searchparameters"/>
        <generation value="markdown"/>
      </page>
      <page>
        <nameUrl value="security.html"/>
        <title value="Security"/>
        <generation value="markdown"/>
      </page>
      <page>
        <nameUrl value="technical-guidance.html"/>
        <title value="Technical Guidance"/>
        <generation value="markdown"/>
      </page>
      <page>
        <nameUrl value="terminology.html"/>
        <title value="Terminology"/>
        <generation value="markdown"/>
      </page>
      <page>
        <nameUrl value="todo.html"/>
        <title value="Todo"/>
        <generation value="markdown"/>
      </page>
      <page>
        <nameUrl value="usage-restriction-diff2.html"/>
        <title value="Usage Restriction Diff 2"/>
        <generation value="markdown"/>
      </page>
      <page>
        <nameUrl value="usage-restriction-search.html"/>
        <title value="Usage Restriction Search"/>
        <generation value="markdown"/>
      </page>
      <page>
        <nameUrl value="usage-restriction-summary.html"/>
        <title value="Usage Restriction Summary"/>
        <generation value="markdown"/>
      </page>
      <page>
        <nameUrl value="validation-diff2.html"/>
        <title value="Validation Diff 2"/>
        <generation value="markdown"/>
      </page>
      <page>
        <nameUrl value="validation-search.html"/>
        <title value="Validation Search"/>
        <generation value="markdown"/>
      </page>
    </page>
    <parameter>
      <code value="path-resource"/>
      <value value="input/capabilities"/>
    </parameter>
    <parameter>
      <code value="path-resource"/>
      <value value="input/examples"/>
    </parameter>
    <parameter>
      <code value="path-resource"/>
      <value value="input/extensions"/>
    </parameter>
    <parameter>
      <code value="path-resource"/>
      <value value="input/models"/>
    </parameter>
    <parameter>
      <code value="path-resource"/>
      <value value="input/operations"/>
    </parameter>
    <parameter>
      <code value="path-resource"/>
      <value value="input/profiles"/>
    </parameter>
    <parameter>
      <code value="path-resource"/>
      <value value="input/resources"/>
    </parameter>
    <parameter>
      <code value="path-resource"/>
      <value value="input/vocabulary"/>
    </parameter>
    <parameter>
      <code value="path-resource"/>
      <value value="input/maps"/>
    </parameter>
    <parameter>
      <code value="path-resource"/>
      <value value="input/testing"/>
    </parameter>
    <parameter>
      <code value="path-resource"/>
      <value value="input/history"/>
    </parameter>
    <parameter>
      <code value="path-resource"/>
      <value value="fsh-generated/resources"/>
    </parameter>
    <parameter>
      <code value="path-pages"/>
      <value value="template/config"/>
    </parameter>
    <parameter>
      <code value="path-pages"/>
      <value value="input/images"/>
    </parameter>
    <parameter>
      <code value="path-tx-cache"/>
      <value value="input-cache/txcache"/>
    </parameter>
  </definition>
</ImplementationGuide>