<?xml version="1.0" encoding="UTF-8"?>

<Location xmlns="http://hl7.org/fhir">
  <id value="PharmLoc1"/>
  <meta>
    <lastUpdated value="2020-07-07T13:26:22.0314215+00:00"/>
    <profile value="http://hl7.org/fhir/us/directory-exchange/StructureDefinition/NatlDirEx-Location"/>
  </meta>
  <language value="en-US"/>
  <text>
    <status value="extensions"/><div xmlns="http://www.w3.org/1999/xhtml" xml:lang="en-US" lang="en-US"><p><b>Generated Narrative</b></p><div style="display: inline-block; background-color: #d9e0e7; padding: 6px; margin: 4px; border: 1px solid #8da1b4; border-radius: 5px; line-height: 60%"><p style="margin-bottom: 0px">Resource "PharmLoc1" Updated "2020-07-07 01:26:22+0000"  (Language "en-US") </p><p style="margin-bottom: 0px">Profile: <a href="StructureDefinition-NatlDirEx-Location.html">National Directory Location</a></p></div><blockquote><p><b>New Patients</b></p><p><b>value</b>: Accepting existing patients <span style="background: LightGoldenRodYellow; margin: 4px; border: 1px solid khaki"> (<a href="http://hl7.org/fhir/us/directory-query/2022Sep/CodeSystem-AcceptingPatientsCS.html">Accepting Patients Codes Code System</a>#existptonly)</span></p><p><b>value</b>: <a href="Organization-AcmeofCTStdNet.html">Organization/AcmeofCTStdNet</a> "ACME CT Preferred Provider Network"</p></blockquote><p><b>Accessibility</b>: ADA compliant <span style="background: LightGoldenRodYellow; margin: 4px; border: 1px solid khaki"> (<a href="http://hl7.org/fhir/us/directory-query/2022Sep/CodeSystem-AccessibilityCS.html">Accessibility Code System</a>#adacomp)</span></p><p><b>Accessibility</b>: public transit options <span style="background: LightGoldenRodYellow; margin: 4px; border: 1px solid khaki"> (<a href="http://hl7.org/fhir/us/directory-query/2022Sep/CodeSystem-AccessibilityCS.html">Accessibility Code System</a>#pubtrans)</span></p><p><b>status</b>: active</p><p><b>name</b>: OrgA CT Location 1</p><p><b>type</b>: outpatient pharmacy <span style="background: LightGoldenRodYellow; margin: 4px; border: 1px solid khaki"> (<a href="http://terminology.hl7.org/3.1.0/CodeSystem-v3-RoleCode.html">RoleCode</a>#OUTPHARM)</span></p><p><b>telecom</b>: ph: (111)-222-3333, <a href="https://www.orga.com">https://www.orga.com</a></p><p><b>address</b>: 123 Main Street Anytown CT 00014-1234 </p><h3>Positions</h3><table class="grid"><tr><td>-</td><td><b>Longitude</b></td><td><b>Latitude</b></td></tr><tr><td>*</td><td>3</td><td>15</td></tr></table><p><b>managingOrganization</b>: <a href="Organization-BigBox.html">Organization/BigBox</a> "Big Box Retailer"</p><blockquote><p><b>hoursOfOperation</b></p><p><b>daysOfWeek</b>: mon, tue, wed, thu, fri</p><p><b>allDay</b>: true</p></blockquote><blockquote><p><b>hoursOfOperation</b></p><p><b>daysOfWeek</b>: sat, sun</p><p><b>openingTime</b>: 08:00:00</p><p><b>closingTime</b>: 17:00:00</p></blockquote></div>
  </text>
  <extension url="http://hl7.org/fhir/us/directory-query/StructureDefinition/newpatients">
    <extension url="acceptingPatients">
      <valueCodeableConcept>
        <coding>
          <system value="http://hl7.org/fhir/us/directory-query/CodeSystem/AcceptingPatientsCS"/>
          <code value="existptonly"/>
        </coding>
      </valueCodeableConcept>
    </extension>
    <extension url="fromNetwork">
      <valueReference>
        <reference value="Organization/AcmeofCTStdNet"/>
      </valueReference>
    </extension>
  </extension>
  <extension url="http://hl7.org/fhir/us/directory-query/StructureDefinition/accessibility">
    <valueCodeableConcept>
      <coding>
        <system value="http://hl7.org/fhir/us/directory-query/CodeSystem/AccessibilityCS"/>
        <code value="adacomp"/>
      </coding>
    </valueCodeableConcept>
  </extension>
  <extension url="http://hl7.org/fhir/us/directory-query/StructureDefinition/accessibility">
    <valueCodeableConcept>
      <coding>
        <system value="http://hl7.org/fhir/us/directory-query/CodeSystem/AccessibilityCS"/>
        <code value="pubtrans"/>
      </coding>
    </valueCodeableConcept>
  </extension>
  <status value="active"/>
  <name value="OrgA CT Location 1"/>
  <type>
    <coding>
      <system value="http://terminology.hl7.org/CodeSystem/v3-RoleCode"/>
      <code value="OUTPHARM"/>
      <display value="outpatient pharmacy"/>
    </coding>
  </type>
  <telecom>
    <extension url="http://hl7.org/fhir/us/directory-query/StructureDefinition/contactpoint-availabletime">
      <extension url="daysOfWeek">
        <valueCode value="mon"/>
      </extension>
      <extension url="daysOfWeek">
        <valueCode value="tue"/>
      </extension>
      <extension url="daysOfWeek">
        <valueCode value="wed"/>
      </extension>
      <extension url="daysOfWeek">
        <valueCode value="thu"/>
      </extension>
      <extension url="daysOfWeek">
        <valueCode value="fri"/>
      </extension>
      <extension url="allDay">
        <valueBoolean value="true"/>
      </extension>
    </extension>
    <extension url="http://hl7.org/fhir/us/directory-query/StructureDefinition/contactpoint-availabletime">
      <extension url="daysOfWeek">
        <valueCode value="sat"/>
      </extension>
      <extension url="daysOfWeek">
        <valueCode value="sun"/>
      </extension>
      <extension url="availableStartTime">
        <valueTime value="08:00:00"/>
      </extension>
      <extension url="availableEndTime">
        <valueTime value="17:00:00"/>
      </extension>
    </extension>
    <system value="phone"/>
    <value value="(111)-222-3333"/>
    <rank value="2"/>
  </telecom>
  <telecom>
    <system value="url"/>
    <value value="https://www.orga.com"/>
    <rank value="1"/>
  </telecom>
  <address>
    <line value="123 Main Street"/>
    <city value="Anytown"/>
    <state value="CT"/>
    <postalCode value="00014-1234"/>
  </address>
  <position>
    <longitude value="3"/>
    <latitude value="15"/>
  </position>
  <managingOrganization>
    <reference value="Organization/BigBox"/>
  </managingOrganization>
  <hoursOfOperation>
    <daysOfWeek value="mon"/>
    <daysOfWeek value="tue"/>
    <daysOfWeek value="wed"/>
    <daysOfWeek value="thu"/>
    <daysOfWeek value="fri"/>
    <allDay value="true"/>
  </hoursOfOperation>
  <hoursOfOperation>
    <daysOfWeek value="sat"/>
    <daysOfWeek value="sun"/>
    <openingTime value="08:00:00"/>
    <closingTime value="17:00:00"/>
  </hoursOfOperation>
</Location>