<?xml version="1.0" encoding="UTF-8"?>

<Organization xmlns="http://hl7.org/fhir">
  <id value="HamiltonClinic"/>
  <meta>
    <lastUpdated value="2020-07-07T13:26:22.0314215+00:00"/>
    <profile value="http://hl7.org/fhir/us/national-healthcare-directory/StructureDefinition/NatlDir-Organization"/>
  </meta>
  <language value="en-US"/>
  <text>
    <status value="generated"/><div xmlns="http://www.w3.org/1999/xhtml" xml:lang="en-US" lang="en-US"><p><b>Generated Narrative</b></p><p><b>identifier</b>: id: NPI78</p><p><b>active</b>: true</p><p><b>type</b>: <span title="Codes: {http://hl7.org/fhir/us/national-healthcare-directory/CodeSystem/OrgTypeCS fac}">Facility</span></p><p><b>name</b>: Hamilton Clinic</p><p><b>telecom</b>: ph: (111)-222-3333, <a href="https://www.hartfordgeneralhospital.com">https://www.hartfordgeneralhospital.com</a></p><p><b>address</b>: 123 Main Street Anytown CT 00014-1234 </p><p><b>partOf</b>: <a href="Organization-Hospital.html">Generated Summary: language: en-US; id: NPI456; active: true; <span title="Codes: {http://hl7.org/fhir/us/national-healthcare-directory/CodeSystem/OrgTypeCS fac}">Facility</span>; name: Hartford General Hospital; Phone: (111)-222-3333, https://www.hartfordgeneralhos...</a></p><h3>Contacts</h3><table class="grid"><tr><td>-</td><td><b>Telecom</b></td></tr><tr><td>*</td><td>ph: (111)-222-3333</td></tr></table></div>
  </text>
  <identifier>
    <system value="http://hl7.org/fhir/sid/us-npi"/>
    <value value="NPI78"/>
  </identifier>
  <active value="true"/>
  <type>
    <coding>
      <system value="http://hl7.org/fhir/us/national-healthcare-directory/CodeSystem/OrgTypeCS"/>
      <code value="fac"/>
      <display value="Facility"/>
    </coding>
  </type>
  <name value="Hamilton Clinic"/>
  <telecom>
    <system value="phone"/>
    <value value="(111)-222-3333"/>
    <rank value="2"/>
  </telecom>
  <telecom>
    <system value="url"/>
    <value value="https://www.hartfordgeneralhospital.com"/>
    <rank value="1"/>
  </telecom>
  <address>
    <line value="123 Main Street"/>
    <city value="Anytown"/>
    <state value="CT"/>
    <postalCode value="00014-1234"/>
  </address>
  <partOf>
    <reference value="Organization/Hospital"/>
  </partOf>
  <contact>
    <telecom>
      <system value="phone"/>
      <value value="(111)-222-3333"/>
      <rank value="1"/>
    </telecom>
  </contact>
</Organization>