<?xml version="1.0" encoding="UTF-8"?>

<Organization xmlns="http://hl7.org/fhir">
  <id value="CancerClinic"/>
  <meta>
    <lastUpdated value="2020-07-07T13:26:22.0314215+00:00"/>
    <profile value="http://hl7.org/fhir/us/fhir-directory-exchange/StructureDefinition/NatlDirEx-Organization"/>
  </meta>
  <language value="en-US"/>
  <text>
    <status value="generated"/><div xmlns="http://www.w3.org/1999/xhtml" xml:lang="en-US" lang="en-US"><p><b>Generated Narrative</b></p><div style="display: inline-block; background-color: #d9e0e7; padding: 6px; margin: 4px; border: 1px solid #8da1b4; border-radius: 5px; line-height: 60%"><p style="margin-bottom: 0px">Resource "CancerClinic" Updated "2020-07-07 01:26:22+0000"  (Language "en-US") </p><p style="margin-bottom: 0px">Profile: <a href="StructureDefinition-NatlDirEx-Organization.html">National Directory Organization</a></p></div><p><b>identifier</b>: id: NPI788</p><p><b>active</b>: true</p><p><b>type</b>: Facility <span style="background: LightGoldenRodYellow; margin: 4px; border: 1px solid khaki"> (<a href="https://build.fhir.org/ig/HL7/fhir-directory-query//CodeSystem-OrgTypeCS.html">Organization Type</a>#fac)</span></p><p><b>name</b>: Hamilton Clinic</p><p><b>telecom</b>: ph: (111)-222-3333, <a href="https://www.Hospital.com">https://www.Hospital.com</a></p><p><b>address</b>: 123 Main Street Anytown CT 00014-1234 </p><h3>Contacts</h3><table class="grid"><tr><td>-</td><td><b>Telecom</b></td></tr><tr><td>*</td><td>ph: (111)-222-3333</td></tr></table></div>
  </text>
  <identifier>
    <system value="http://hl7.org/fhir/sid/us-npi"/>
    <value value="NPI788"/>
  </identifier>
  <active value="true"/>
  <type>
    <coding>
      <system value="http://hl7.org/fhir/us/fhir-directory-query/CodeSystem/OrgTypeCS"/>
      <code value="fac"/>
      <display value="Facility"/>
    </coding>
  </type>
  <name value="Hamilton Clinic"/>
  <telecom>
    <system value="phone"/>
    <value value="(111)-222-3333"/>
    <rank value="2"/>
  </telecom>
  <telecom>
    <system value="url"/>
    <value value="https://www.Hospital.com"/>
    <rank value="1"/>
  </telecom>
  <address>
    <line value="123 Main Street"/>
    <city value="Anytown"/>
    <state value="CT"/>
    <postalCode value="00014-1234"/>
  </address>
  <contact>
    <telecom>
      <system value="phone"/>
      <value value="(111)-222-3333"/>
      <rank value="1"/>
    </telecom>
  </contact>
</Organization>