<?xml version="1.0" encoding="UTF-8"?>

<PractitionerRole xmlns="http://hl7.org/fhir">
  <id value="JoeSmithRole3"/>
  <meta>
    <lastUpdated value="2020-07-07T13:26:22.0314215+00:00"/>
    <profile value="http://hl7.org/fhir/us/national-directory/StructureDefinition/NatlDir-PractitionerRole"/>
  </meta>
  <language value="en-US"/>
  <text>
    <status value="extensions"/><div xmlns="http://www.w3.org/1999/xhtml" xml:lang="en-US" lang="en-US"><p><b>Generated Narrative</b></p><p><b>Network Reference</b>: <a href="Organization-AcmeofCTStdNet.html">Generated Summary: language: en-US; active: true; <span title="Codes: {http://hl7.org/fhir/us/national-directory/CodeSystem/OrgTypeCS ntwk}">Network</span>; name: ACME CT Preferred Provider Network</a></p><p><b>active</b>: true</p><p><b>organization</b>: <a href="Organization-Hospital.html">Generated Summary: language: en-US; id: NPI456; active: true; <span title="Codes: {http://hl7.org/fhir/us/national-directory/CodeSystem/OrgTypeCS fac}">Facility</span>; name: Hartford General Hospital; Phone: (111)-222-3333, https://www.hartfordgeneralhos...</a></p><p><b>code</b>: <span title="Codes: {http://hl7.org/fhir/us/national-directory/CodeSystem/ProviderRoleCS ap}">Admitting Privileges</span></p><p><b>specialty</b>: <span title="Codes: {http://nucc.org/provider-taxonomy 207R00000X}">Internal Medicine</span>, <span title="Codes: {http://nucc.org/provider-taxonomy 207RC0000X}">Cardiovascular Disease</span></p></div>
  </text>
  <extension url="http://hl7.org/fhir/us/national-directory/StructureDefinition/network-reference">
    <valueReference>
      <reference value="Organization/AcmeofCTStdNet"/>
    </valueReference>
  </extension>
  <active value="true"/>
  <organization>
    <reference value="Organization/Hospital"/>
  </organization>
  <code>
    <coding>
      <system value="http://hl7.org/fhir/us/national-directory/CodeSystem/ProviderRoleCS"/>
      <code value="ap"/>
    </coding>
  </code>
  <specialty>
    <coding>
      <system value="http://nucc.org/provider-taxonomy"/>
      <code value="207R00000X"/>
      <display value="Internal Medicine"/>
    </coding>
  </specialty>
  <specialty>
    <coding>
      <system value="http://nucc.org/provider-taxonomy"/>
      <code value="207RC0000X"/>
      <display value="Cardiovascular Disease"/>
    </coding>
  </specialty>
</PractitionerRole>