<?xml version="1.0" encoding="UTF-8"?>

<SearchParameter xmlns="http://hl7.org/fhir">
  <id value="Location-physicalType"/>
  <text>
    <status value="generated"/><div xmlns="http://www.w3.org/1999/xhtml"><p><b>Generated Narrative</b></p><div style="display: inline-block; background-color: #d9e0e7; padding: 6px; margin: 4px; border: 1px solid #8da1b4; border-radius: 5px; line-height: 60%"><p style="margin-bottom: 0px">Resource "Location-physicalType" </p></div><p><b>url</b>: <code>https://build.fhir.org/ig/HL7/fhir-directory-exchange/SearchParameter-Location-physicalType.html</code></p><p><b>version</b>: 1.0.0-ballot1</p><p><b>name</b>: NatDirExLocationPhysicalTypeSearchParameter</p><p><b>derivedFrom</b>: <a href="http://hl7.org/fhir/SearchParameter/Resource-id">http://hl7.org/fhir/SearchParameter/Resource-id</a></p><p><b>status</b>: active</p><p><b>date</b>: 2022-07-25 01:43:16-0500</p><p><b>publisher</b>: HL7 Patient Administration Working Group</p><p><b>contact</b>: HL7 Patient Administration Working Group: <a href="https://www.hl7.org/Special/committees/pafm/index.cfm">https://www.hl7.org/Special/committees/pafm/index.cfm</a>,<a href="mailto:pafm@lists.HL7.org">pafm@lists.HL7.org</a></p><p><b>description</b>: This SearchParameter enables query of Location by `physicalType` with `mutlipleOr` enabled.</p><p><b>jurisdiction</b>: United States of America <span style="background: LightGoldenRodYellow; margin: 4px; border: 1px solid khaki"> (unknown#US)</span></p><p><b>code</b>: physicalType</p><p><b>base</b>: Location</p><p><b>type</b>: token</p><p><b>multipleOr</b>: true</p></div>
  </text>
  <url value="https://build.fhir.org/ig/HL7/fhir-directory-exchange/SearchParameter-Location-physicalType.html"/>
  <version value="1.0.0-ballot1"/>
  <name value="NatDirExLocationPhysicalTypeSearchParameter"/>
  <derivedFrom value="http://hl7.org/fhir/SearchParameter/Resource-id"/>
  <status value="active"/>
  <date value="2022-07-25T13:43:16-05:00"/>
  <publisher value="HL7 Patient Administration Working Group"/>
  <contact>
    <name value="HL7 Patient Administration Working Group"/>
    <telecom>
      <system value="url"/>
      <value value="https://www.hl7.org/Special/committees/pafm/index.cfm"/>
    </telecom>
    <telecom>
      <system value="email"/>
      <value value="pafm@lists.HL7.org"/>
    </telecom>
  </contact>
  <description value="This SearchParameter enables query of Location by `physicalType` with `mutlipleOr` enabled."/>
  <jurisdiction>
    <coding>
      <system value="urn:iso:std:iso:3166"/>
      <code value="US"/>
    </coding>
  </jurisdiction>
  <code value="physicalType"/>
  <base value="Location"/>
  <type value="token"/>
  <multipleOr value="true"/>
</SearchParameter>