<?xml version="1.0" encoding="UTF-8"?>

<SearchParameter xmlns="http://hl7.org/fhir">
  <id value="organizationaffiliation-identifier"/>
  <text>
    <status value="generated"/><div xmlns="http://www.w3.org/1999/xhtml"><p><b>Generated Narrative</b></p><p><b>url</b>: <code>http://hl7.org/fhir/uv/vhdir/SearchParameter/organizationaffiliation-identifier</code></p><p><b>version</b>: 0.0.1</p><p><b>name</b>: VhDir_sp_organizationaffiliation_identifier</p><p><b>derivedFrom</b>: <a href="http://hl7.org/fhir/SearchParameter/OrganizationAffiliation-identifier">http://hl7.org/fhir/SearchParameter/OrganizationAffiliation-identifier</a></p><p><b>status</b>: draft</p><p><b>date</b>: 2018-05-23</p><p><b>publisher</b>: HL7 Patient Administration Working Group</p><p><b>contact</b>: HL7 Patient Administration Working Group: <a href="https://www.hl7.org/Special/committees/pafm/index.cfm">https://www.hl7.org/Special/committees/pafm/index.cfm</a>,<a href="mailto:pafm@lists.HL7.org">pafm@lists.HL7.org</a></p><p><b>description</b>: Select OrganizationAffiliations with the specified identifier</p><p><b>jurisdiction</b>: <span title="Codes: {urn:iso:std:iso:3166 US}">United States of America</span></p><p><b>code</b>: identifier</p><p><b>base</b>: OrganizationAffiliation</p><p><b>type</b>: token</p><p><b>expression</b>: OrganizationAffiliation.identifier</p><p><b>multipleOr</b>: true</p><p><b>multipleAnd</b>: true</p><p><b>modifier</b>: text, ofType</p></div>
  </text>
  <url value="http://hl7.org/fhir/uv/vhdir/SearchParameter/organizationaffiliation-identifier"/>
  <version value="0.0.1"/>
  <name value="VhDir_sp_organizationaffiliation_identifier"/>
  <derivedFrom value="http://hl7.org/fhir/SearchParameter/OrganizationAffiliation-identifier"/>
  <status value="draft"/>
  <date value="2018-05-23"/>
  <publisher value="HL7 Patient Administration Working Group"/>
  <contact>
    <name value="HL7 Patient Administration Working Group"/>
    <telecom>
      <system value="url"/>
      <value value="https://www.hl7.org/Special/committees/pafm/index.cfm"/>
    </telecom>
    <telecom>
      <system value="email"/>
      <value value="pafm@lists.HL7.org"/>
    </telecom>
  </contact>
  <description value="Select OrganizationAffiliations with the specified identifier"/>
  <jurisdiction>
    <coding>
      <system value="urn:iso:std:iso:3166"/>
      <code value="US"/>
    </coding>
  </jurisdiction>
  <code value="identifier"/>
  <base value="OrganizationAffiliation"/>
  <type value="token"/>
  <expression value="OrganizationAffiliation.identifier"/>
  <multipleOr value="true"/>
  <multipleAnd value="true"/>
  <modifier value="text"/>
  <modifier value="ofType"/>
</SearchParameter>