<?xml version="1.0" encoding="UTF-8"?>

<SearchParameter xmlns="http://hl7.org/fhir">
  <id value="insuranceplan-coverage-limit-value"/>
  <text>
    <status value="generated"/><div xmlns="http://www.w3.org/1999/xhtml"><p><b>Generated Narrative</b></p><p><b>url</b>: <code>http://hl7.org/fhir/uv/vhdir/SearchParameter/insuranceplan-coverage-limit-value</code></p><p><b>version</b>: 0.0.1</p><p><b>name</b>: VhDir_sp_insuranceplan_coverage_limit_value</p><p><b>status</b>: draft</p><p><b>date</b>: 2018-05-23</p><p><b>publisher</b>: HL7 Patient Administration Working Group</p><p><b>contact</b>: HL7 Patient Administration Working Group: <a href="https://www.hl7.org/Special/committees/pafm/index.cfm">https://www.hl7.org/Special/committees/pafm/index.cfm</a>,<a href="mailto:pafm@lists.HL7.org">pafm@lists.HL7.org</a></p><p><b>description</b>: Select health insurance products with covered benefits limited in the specified manner</p><p><b>jurisdiction</b>: <span title="Codes: {urn:iso:std:iso:3166 US}">United States of America</span></p><p><b>code</b>: coverage-limit-value</p><p><b>base</b>: InsurancePlan</p><p><b>type</b>: quantity</p><p><b>expression</b>: InsurancePlan.coverage.benefit.limit.value</p><p><b>multipleOr</b>: true</p><p><b>multipleAnd</b>: true</p><p><b>comparator</b>: eq, gt, lt, ge, le, sa, eb</p></div>
  </text>
  <url value="http://hl7.org/fhir/uv/vhdir/SearchParameter/insuranceplan-coverage-limit-value"/>
  <version value="0.0.1"/>
  <name value="VhDir_sp_insuranceplan_coverage_limit_value"/>
  <status value="draft"/>
  <date value="2018-05-23"/>
  <publisher value="HL7 Patient Administration Working Group"/>
  <contact>
    <name value="HL7 Patient Administration Working Group"/>
    <telecom>
      <system value="url"/>
      <value value="https://www.hl7.org/Special/committees/pafm/index.cfm"/>
    </telecom>
    <telecom>
      <system value="email"/>
      <value value="pafm@lists.HL7.org"/>
    </telecom>
  </contact>
  <description value="Select health insurance products with covered benefits limited in the specified manner"/>
  <jurisdiction>
    <coding>
      <system value="urn:iso:std:iso:3166"/>
      <code value="US"/>
    </coding>
  </jurisdiction>
  <code value="coverage-limit-value"/>
  <base value="InsurancePlan"/>
  <type value="quantity"/>
  <expression value="InsurancePlan.coverage.benefit.limit.value"/>
  <multipleOr value="true"/>
  <multipleAnd value="true"/>
  <comparator value="eq"/>
  <comparator value="gt"/>
  <comparator value="lt"/>
  <comparator value="ge"/>
  <comparator value="le"/>
  <comparator value="sa"/>
  <comparator value="eb"/>
</SearchParameter>