<?xml version="1.0" encoding="UTF-8"?>

<SearchParameter xmlns="http://hl7.org/fhir">
  <id value="practitioner-qualification-status"/>
  <text>
    <status value="generated"/><div xmlns="http://www.w3.org/1999/xhtml"><p><b>Generated Narrative</b></p><p><b>url</b>: <code>http://hl7.org/fhir/uv/vhdir/SearchParameter/practitioner-qualification-status</code></p><p><b>version</b>: 0.0.1</p><p><b>name</b>: VhDir_sp_practitioner_qualification_status</p><p><b>status</b>: draft</p><p><b>date</b>: 2018-05-23</p><p><b>publisher</b>: HL7 Patient Administration Working Group</p><p><b>contact</b>: HL7 Patient Administration Working Group: <a href="https://www.hl7.org/Special/committees/pafm/index.cfm">https://www.hl7.org/Special/committees/pafm/index.cfm</a>,<a href="mailto:pafm@lists.HL7.org">pafm@lists.HL7.org</a></p><p><b>description</b>: Select Practitioners with a qualification status matching the specified code</p><p><b>jurisdiction</b>: <span title="Codes: {urn:iso:std:iso:3166 US}">United States of America</span></p><p><b>code</b>: qualification-status</p><p><b>base</b>: Practitioner</p><p><b>type</b>: token</p><p><b>expression</b>: Practitioner.qualification.extension('http://hl7.org/fhir/uv/vhdir/StructureDefinition/practitioner-qualification').extension('status')</p><p><b>multipleOr</b>: true</p><p><b>multipleAnd</b>: true</p></div>
  </text>
  <url value="http://hl7.org/fhir/uv/vhdir/SearchParameter/practitioner-qualification-status"/>
  <version value="0.0.1"/>
  <name value="VhDir_sp_practitioner_qualification_status"/>
  <status value="draft"/>
  <date value="2018-05-23"/>
  <publisher value="HL7 Patient Administration Working Group"/>
  <contact>
    <name value="HL7 Patient Administration Working Group"/>
    <telecom>
      <system value="url"/>
      <value value="https://www.hl7.org/Special/committees/pafm/index.cfm"/>
    </telecom>
    <telecom>
      <system value="email"/>
      <value value="pafm@lists.HL7.org"/>
    </telecom>
  </contact>
  <description value="Select Practitioners with a qualification status matching the specified code"/>
  <jurisdiction>
    <coding>
      <system value="urn:iso:std:iso:3166"/>
      <code value="US"/>
    </coding>
  </jurisdiction>
  <code value="qualification-status"/>
  <base value="Practitioner"/>
  <type value="token"/>
  <expression value="Practitioner.qualification.extension(&#39;http://hl7.org/fhir/uv/vhdir/StructureDefinition/practitioner-qualification&#39;).extension(&#39;status&#39;)"/>
  <multipleOr value="true"/>
  <multipleAnd value="true"/>
</SearchParameter>