{
  "resourceType": "CodeSystem",
  "id": "AcceptingPatientsCS",
  "text": {
    "status": "generated",
    "div": "<div xmlns=\"http://www.w3.org/1999/xhtml\"><p>This code system http://hl7.org/fhir/us/national-directory/CodeSystem/AcceptingPatientsCS defines the following codes:</p><table class=\"codes\"><tr><td style=\"white-space:nowrap\"><b>Code</b></td><td><b>Display</b></td><td><b>Definition</b></td></tr><tr><td style=\"white-space:nowrap\">nopt<a name=\"AcceptingPatientsCS-nopt\"> </a></td><td>Not Accepting</td><td>Not accepting patients</td></tr><tr><td style=\"white-space:nowrap\">newpt<a name=\"AcceptingPatientsCS-newpt\"> </a></td><td>Accepting</td><td>Accepting patients</td></tr><tr><td style=\"white-space:nowrap\">existptonly<a name=\"AcceptingPatientsCS-existptonly\"> </a></td><td>Accepting existing patients</td><td>Accepting existing patients</td></tr><tr><td style=\"white-space:nowrap\">existptfam<a name=\"AcceptingPatientsCS-existptfam\"> </a></td><td>Accepting existing patients and their families</td><td>Accepting existing patients and members of their families</td></tr></table></div>"
  },
  "url": "http://hl7.org/fhir/us/national-directory/CodeSystem/AcceptingPatientsCS",
  "version": "0.0.1",
  "name": "AcceptingPatientsCS",
  "title": "Accepting Patients Codes",
  "status": "active",
  "date": "2021-12-09T08:58:20-05:00",
  "publisher": "HL7 Patient Administration Working Group",
  "contact": [
    {
      "name": "HL7 Patient Administration Working Group",
      "telecom": [
        {
          "system": "url",
          "value": "https://www.hl7.org/Special/committees/pafm/index.cfm"
        },
        {
          "system": "email",
          "value": "pafm@lists.HL7.org"
        }
      ]
    }
  ],
  "description": "Codes to identify if the practice is accepting new patients",
  "jurisdiction": [
    {
      "coding": [
        {
          "system": "urn:iso:std:iso:3166",
          "code": "US"
        }
      ]
    }
  ],
  "content": "complete",
  "count": 4,
  "concept": [
    {
      "code": "nopt",
      "display": "Not Accepting",
      "definition": "Not accepting patients"
    },
    {
      "code": "newpt",
      "display": "Accepting",
      "definition": "Accepting patients"
    },
    {
      "code": "existptonly",
      "display": "Accepting existing patients",
      "definition": "Accepting existing patients"
    },
    {
      "code": "existptfam",
      "display": "Accepting existing patients and their families",
      "definition": "Accepting existing patients and members of their families"
    }
  ]
}