{
  "resourceType": "CodeSystem",
  "id": "IgTypeCS",
  "text": {
    "status": "generated",
    "div": "<div xmlns=\"http://www.w3.org/1999/xhtml\"><p>This code system http://hl7.org/fhir/us/national-directory/CodeSystem/IgTypeCS defines the following codes:</p><table class=\"codes\"><tr><td style=\"white-space:nowrap\"><b>Code</b></td><td><b>Display</b></td></tr><tr><td style=\"white-space:nowrap\">FHIR<a name=\"IgTypeCS-FHIR\"> </a></td><td>FHIR</td></tr><tr><td style=\"white-space:nowrap\">direct<a name=\"IgTypeCS-direct\"> </a></td><td>Direct</td></tr></table></div>"
  },
  "url": "http://hl7.org/fhir/us/national-directory/CodeSystem/IgTypeCS",
  "version": "0.0.1",
  "name": "IgTypeCS",
  "title": "IG Type",
  "status": "active",
  "date": "2021-12-16T09:47:40-05:00",
  "publisher": "HL7 Patient Administration Working Group",
  "contact": [
    {
      "name": "HL7 Patient Administration Working Group",
      "telecom": [
        {
          "system": "url",
          "value": "https://www.hl7.org/Special/committees/pafm/index.cfm"
        },
        {
          "system": "email",
          "value": "pafm@lists.HL7.org"
        }
      ]
    }
  ],
  "description": "IG Type",
  "jurisdiction": [
    {
      "coding": [
        {
          "system": "urn:iso:std:iso:3166",
          "code": "US"
        }
      ]
    }
  ],
  "content": "complete",
  "count": 2,
  "concept": [
    {
      "code": "FHIR",
      "display": "FHIR"
    },
    {
      "code": "direct",
      "display": "Direct"
    }
  ]
}