<?xml version="1.0" encoding="UTF-8"?>

<CodeSystem xmlns="http://hl7.org/fhir">
  <id value="ConsentScopeCS"/>
  <text>
    <status value="generated"/><div xmlns="http://www.w3.org/1999/xhtml"><p>This code system http://hl7.org/fhir/us/fhir-directory-exchange/CodeSystem/ConsentScopeCS defines the following codes:</p><table class="codes"><tr><td style="white-space:nowrap"><b>Code</b></td><td><b>Display</b></td><td><b>Definition</b></td></tr><tr><td style="white-space:nowrap">adr<a name="ConsentScopeCS-adr"> </a></td><td>Advanced Care Directive</td><td>Actions to be taken if they are no longer able to make decisions for themselves.</td></tr><tr><td style="white-space:nowrap">research<a name="ConsentScopeCS-research"> </a></td><td>Research</td><td>Consent to participate in research protocol and information sharing required.</td></tr><tr><td style="white-space:nowrap">patient-privacy<a name="ConsentScopeCS-patient-privacy"> </a></td><td>Privacy Consent</td><td>Agreement to collect, access, use or disclose (share) information.</td></tr><tr><td style="white-space:nowrap">treatment<a name="ConsentScopeCS-treatment"> </a></td><td>Treatment</td><td>Consent to undergo a specific treatment.</td></tr></table></div>
  </text>
  <url value="http://hl7.org/fhir/us/fhir-directory-exchange/CodeSystem/ConsentScopeCS"/>
  <version value="0.0.1"/>
  <name value="ConsentScopeCS"/>
  <title value="National Healthcare Directory ConsentScopeCodes"/>
  <status value="active"/>
  <date value="2022-03-17T11:48:49-04:00"/>
  <publisher value="HL7 Patient Administration Working Group"/>
  <contact>
    <name value="HL7 Patient Administration Working Group"/>
    <telecom>
      <system value="url"/>
      <value value="https://www.hl7.org/Special/committees/pafm/index.cfm"/>
    </telecom>
    <telecom>
      <system value="email"/>
      <value value="pafm@lists.HL7.org"/>
    </telecom>
  </contact>
  <description value="This value set includes the four Consent scope codes."/>
  <jurisdiction>
    <coding>
      <system value="urn:iso:std:iso:3166"/>
      <code value="US"/>
    </coding>
  </jurisdiction>
  <caseSensitive value="true"/>
  <content value="complete"/>
  <count value="4"/>
  <concept>
    <code value="adr"/>
    <display value="Advanced Care Directive"/>
    <definition value="Actions to be taken if they are no longer able to make decisions for themselves."/>
  </concept>
  <concept>
    <code value="research"/>
    <display value="Research"/>
    <definition value="Consent to participate in research protocol and information sharing required."/>
  </concept>
  <concept>
    <code value="patient-privacy"/>
    <display value="Privacy Consent"/>
    <definition value="Agreement to collect, access, use or disclose (share) information."/>
  </concept>
  <concept>
    <code value="treatment"/>
    <display value="Treatment"/>
    <definition value="Consent to undergo a specific treatment."/>
  </concept>
</CodeSystem>