<?xml version="1.0" encoding="UTF-8"?>

<HealthcareService xmlns="http://hl7.org/fhir">
  <id value="PharmChainMailService"/>
  <meta>
    <lastUpdated value="2020-07-07T13:26:22.0314215+00:00"/>
    <profile value="http://hl7.org/fhir/us/national-healthcare-directory/StructureDefinition/NatlDir-HealthcareService"/>
  </meta>
  <language value="en-US"/>
  <text>
    <status value="extensions"/><div xmlns="http://www.w3.org/1999/xhtml" xml:lang="en-US" lang="en-US"><p><b>Generated Narrative</b></p><blockquote><p><b>Delivery Method</b></p><p><b>value</b>: <span title="Codes: {http://hl7.org/fhir/us/national-healthcare-directory/CodeSystem/DeliveryMethodCS virtual}">Virtual</span></p><p><b>value</b>: <span title="Codes: {http://hl7.org/fhir/us/national-healthcare-directory/CodeSystem/VirtualModalitiesCS web}">Website</span></p><p><b>value</b>: <span title="Codes: {http://hl7.org/fhir/us/national-healthcare-directory/CodeSystem/VirtualModalitiesCS app}">App</span></p><p><b>value</b>: <span title="Codes: {http://hl7.org/fhir/us/national-healthcare-directory/CodeSystem/VirtualModalitiesCS tdd}">TDD</span></p><p><b>value</b>: <span title="Codes: {http://hl7.org/fhir/us/national-healthcare-directory/CodeSystem/VirtualModalitiesCS phone}">phone</span></p></blockquote><p><b>active</b>: true</p><p><b>providedBy</b>: <a href="Organization-PharmChain.html">Generated Summary: language: en-US; id: NPI-ORGA; active: true; <span title="Codes: {http://hl7.org/fhir/us/national-healthcare-directory/CodeSystem/OrgTypeCS prvgrp}">Provider Group</span>; name: Pharm Chain; Phone: (111)-222-3333, https://www.pharmchain.com</a></p><p><b>category</b>: <span title="Codes: {http://hl7.org/fhir/us/national-healthcare-directory/CodeSystem/HealthcareServiceCategoryCS pharm}">Pharmacy</span></p><p><b>specialty</b>: <span title="Codes: {http://nucc.org/provider-taxonomy 3336M0002X}">Mail Order Pharmacy</span></p><p><b>name</b>: Mail Order Pharmacy by OrgA</p><p><b>telecom</b>: ph: (111)-222-3333, <a href="https://mailorderrx.com">https://mailorderrx.com</a></p></div>
  </text>
  <extension url="http://hl7.org/fhir/us/national-healthcare-directory/StructureDefinition/delivery-method">
    <extension url="type">
      <valueCodeableConcept>
        <coding>
          <system value="http://hl7.org/fhir/us/national-healthcare-directory/CodeSystem/DeliveryMethodCS"/>
          <code value="virtual"/>
        </coding>
      </valueCodeableConcept>
    </extension>
    <extension url="virtualModalities">
      <valueCodeableConcept>
        <coding>
          <system value="http://hl7.org/fhir/us/national-healthcare-directory/CodeSystem/VirtualModalitiesCS"/>
          <code value="web"/>
        </coding>
      </valueCodeableConcept>
    </extension>
    <extension url="virtualModalities">
      <valueCodeableConcept>
        <coding>
          <system value="http://hl7.org/fhir/us/national-healthcare-directory/CodeSystem/VirtualModalitiesCS"/>
          <code value="app"/>
        </coding>
      </valueCodeableConcept>
    </extension>
    <extension url="virtualModalities">
      <valueCodeableConcept>
        <coding>
          <system value="http://hl7.org/fhir/us/national-healthcare-directory/CodeSystem/VirtualModalitiesCS"/>
          <code value="tdd"/>
        </coding>
      </valueCodeableConcept>
    </extension>
    <extension url="virtualModalities">
      <valueCodeableConcept>
        <coding>
          <system value="http://hl7.org/fhir/us/national-healthcare-directory/CodeSystem/VirtualModalitiesCS"/>
          <code value="phone"/>
        </coding>
      </valueCodeableConcept>
    </extension>
  </extension>
  <active value="true"/>
  <providedBy>
    <reference value="Organization/PharmChain"/>
  </providedBy>
  <category>
    <coding>
      <system value="http://hl7.org/fhir/us/national-healthcare-directory/CodeSystem/HealthcareServiceCategoryCS"/>
      <code value="pharm"/>
      <display value="Pharmacy"/>
    </coding>
  </category>
  <specialty>
    <coding>
      <system value="http://nucc.org/provider-taxonomy"/>
      <code value="3336M0002X"/>
      <display value="Mail Order Pharmacy"/>
    </coding>
  </specialty>
  <name value="Mail Order Pharmacy by OrgA"/>
  <telecom>
    <system value="phone"/>
    <value value="(111)-222-3333"/>
    <rank value="2"/>
  </telecom>
  <telecom>
    <system value="url"/>
    <value value="https://mailorderrx.com"/>
    <rank value="1"/>
  </telecom>
</HealthcareService>