{
  "resourceType": "InsurancePlan",
  "id": "AcmeQHPBronze",
  "meta": {
    "lastUpdated": "2020-07-07T13:26:22.0314215+00:00",
    "profile": [
      "http://hl7.org/fhir/us/national-healthcare-directory/StructureDefinition/NatlDir-InsurancePlan"
    ]
  },
  "language": "en-US",
  "text": {
    "status": "generated",
    "div": "<div xmlns=\"http://www.w3.org/1999/xhtml\" xml:lang=\"en-US\" lang=\"en-US\"><p><b>Generated Narrative</b></p><p><b>status</b>: active</p><p><b>type</b>: <span title=\"Codes: {http://hl7.org/fhir/us/national-healthcare-directory/CodeSystem/InsuranceProductTypeCS qhp}\">Qualified Health Plan</span></p><p><b>name</b>: Acme of CT QHP Bronze</p><p><b>ownedBy</b>: <a href=\"Organization-Acme.html\">Generated Summary: language: en-US; active: true; <span title=\"Codes: {http://hl7.org/fhir/us/national-healthcare-directory/CodeSystem/OrgTypeCS payer}\">Payer</span>; name: Acme of CT; Phone: (111)-222-3333, https://www.acmeofct.com</a></p><p><b>administeredBy</b>: <a href=\"Organization-Acme.html\">Generated Summary: language: en-US; active: true; <span title=\"Codes: {http://hl7.org/fhir/us/national-healthcare-directory/CodeSystem/OrgTypeCS payer}\">Payer</span>; name: Acme of CT; Phone: (111)-222-3333, https://www.acmeofct.com</a></p><p><b>coverageArea</b>: <a href=\"Location-StateOfCTLocation.html\">Generated Summary: language: en-US; status: active; name: State of CT Area</a></p><p><b>endpoint</b>: <a href=\"Endpoint-AcmeOfCTPortalEndpoint.html\">Generated Summary: language: en-US; status: active; <span title=\"{http://hl7.org/fhir/us/national-healthcare-directory/CodeSystem/EndpointConnectionTypeCS rest-non-fhir}\">REST (not FHIR)</span>; name: Endpoint for Acme of CT Portal; <span title=\"Codes: {http://hl7.org/fhir/us/national-healthcare-directory/CodeSystem/EndpointPayloadTypeCS NA}\">Not Applicable</span>; address: https://urlofportal.acmect.com</a></p><p><b>network</b>: <a href=\"Organization-AcmeofCTStdNet.html\">Generated Summary: language: en-US; active: true; <span title=\"Codes: {http://hl7.org/fhir/us/national-healthcare-directory/CodeSystem/OrgTypeCS ntwk}\">Network</span>; name: ACME CT Preferred Provider Network</a></p><h3>Plans</h3><table class=\"grid\"><tr><td>-</td><td><b>Type</b></td></tr><tr><td>*</td><td><span title=\"Codes: {http://hl7.org/fhir/us/national-healthcare-directory/CodeSystem/InsurancePlanTypeCS bronze}\">Bronze-QHP</span></td></tr></table></div>"
  },
  "status": "active",
  "type": [
    {
      "coding": [
        {
          "system": "http://hl7.org/fhir/us/national-healthcare-directory/CodeSystem/InsuranceProductTypeCS",
          "code": "qhp",
          "display": "Qualified Health Plan"
        }
      ]
    }
  ],
  "name": "Acme of CT QHP Bronze",
  "ownedBy": {
    "reference": "Organization/Acme"
  },
  "administeredBy": {
    "reference": "Organization/Acme"
  },
  "coverageArea": [
    {
      "reference": "Location/StateOfCTLocation"
    }
  ],
  "endpoint": [
    {
      "reference": "Endpoint/AcmeOfCTPortalEndpoint"
    }
  ],
  "network": [
    {
      "reference": "Organization/AcmeofCTStdNet"
    }
  ],
  "plan": [
    {
      "type": {
        "coding": [
          {
            "system": "http://hl7.org/fhir/us/national-healthcare-directory/CodeSystem/InsurancePlanTypeCS",
            "code": "bronze",
            "display": "Bronze-QHP"
          }
        ]
      }
    }
  ]
}