{
  "resourceType": "Location",
  "id": "PharmLoc4",
  "meta": {
    "lastUpdated": "2020-07-07T13:26:22.0314215+00:00",
    "profile": [
      "http://hl7.org/fhir/us/fhir-directory-exchange/StructureDefinition/NatlDirEx-Location"
    ]
  },
  "language": "en-US",
  "text": {
    "status": "extensions",
    "div": "<div xmlns=\"http://www.w3.org/1999/xhtml\" xml:lang=\"en-US\" lang=\"en-US\"><p><b>Generated Narrative</b></p><div style=\"display: inline-block; background-color: #d9e0e7; padding: 6px; margin: 4px; border: 1px solid #8da1b4; border-radius: 5px; line-height: 60%\"><p style=\"margin-bottom: 0px\">Resource \"PharmLoc4\" Updated \"2020-07-07T09:26:22.031-04:00\"  (Language \"en-US\") </p><p style=\"margin-bottom: 0px\">Profile: <a href=\"StructureDefinition-NatlDirEx-Location.html\">National Directory Location</a></p></div><blockquote><p><b>New Patients</b></p><p><b>value</b>: Accepting existing patients <span style=\"background: LightGoldenRodYellow; margin: 4px; border: 1px solid khaki\"> (<a href=\"CodeSystem-AcceptingPatientsCS.html\">Accepting Patients Codes</a>#existptonly)</span></p><p><b>value</b>: <a href=\"Organization-AcmeofCTStdNet.html\">Organization/AcmeofCTStdNet</a> \"ACME CT Preferred Provider Network\"</p></blockquote><p><b>Accessibility</b>: ADA compliant <span style=\"background: LightGoldenRodYellow; margin: 4px; border: 1px solid khaki\"> (<a href=\"CodeSystem-AccessibilityCS.html\">Accessibility</a>#adacomp)</span></p><p><b>status</b>: active</p><p><b>name</b>: OrgA MA Location 2</p><p><b>type</b>: outpatient pharmacy <span style=\"background: LightGoldenRodYellow; margin: 4px; border: 1px solid khaki\"> (<a href=\"http://terminology.hl7.org/3.1.0/CodeSystem-v3-RoleCode.html\">RoleCode</a>#OUTPHARM)</span></p><p><b>telecom</b>: ph: (222)-333-4444, <a href=\"https://www.orga.com\">https://www.orga.com</a></p><p><b>address</b>: 345 Main Street Nowheresville CT 00014-1234 </p><h3>Positions</h3><table class=\"grid\"><tr><td>-</td><td><b>Longitude</b></td><td><b>Latitude</b></td></tr><tr><td>*</td><td>5</td><td>16</td></tr></table><p><b>managingOrganization</b>: <a href=\"Organization-BigBox.html\">Organization/BigBox</a> \"Big Box Retailer\"</p><blockquote><p><b>hoursOfOperation</b></p><p><b>daysOfWeek</b>: mon, tue, wed, thu, fri</p><p><b>allDay</b>: true</p></blockquote><blockquote><p><b>hoursOfOperation</b></p><p><b>daysOfWeek</b>: sat</p><p><b>openingTime</b>: 08:00:00</p><p><b>closingTime</b>: 17:00:00</p></blockquote></div>"
  },
  "extension": [
    {
      "extension": [
        {
          "url": "acceptingPatients",
          "valueCodeableConcept": {
            "coding": [
              {
                "system": "http://hl7.org/fhir/us/fhir-directory-exchange/CodeSystem/AcceptingPatientsCS",
                "code": "existptonly"
              }
            ]
          }
        },
        {
          "url": "fromNetwork",
          "valueReference": {
            "reference": "Organization/AcmeofCTStdNet"
          }
        }
      ],
      "url": "http://hl7.org/fhir/us/fhir-directory-query/StructureDefinition/newpatients"
    },
    {
      "url": "http://hl7.org/fhir/us/fhir-directory-query/StructureDefinition/accessibility",
      "valueCodeableConcept": {
        "coding": [
          {
            "system": "http://hl7.org/fhir/us/fhir-directory-exchange/CodeSystem/AccessibilityCS",
            "code": "adacomp"
          }
        ]
      }
    }
  ],
  "status": "active",
  "name": "OrgA MA Location 2",
  "type": [
    {
      "coding": [
        {
          "system": "http://terminology.hl7.org/CodeSystem/v3-RoleCode",
          "code": "OUTPHARM",
          "display": "outpatient pharmacy"
        }
      ]
    }
  ],
  "telecom": [
    {
      "extension": [
        {
          "extension": [
            {
              "url": "daysOfWeek",
              "valueCode": "mon"
            },
            {
              "url": "daysOfWeek",
              "valueCode": "tue"
            },
            {
              "url": "daysOfWeek",
              "valueCode": "wed"
            },
            {
              "url": "daysOfWeek",
              "valueCode": "thu"
            },
            {
              "url": "daysOfWeek",
              "valueCode": "fri"
            },
            {
              "url": "allDay",
              "valueBoolean": true
            }
          ],
          "url": "http://hl7.org/fhir/us/fhir-directory-query/StructureDefinition/contactpoint-availabletime"
        },
        {
          "extension": [
            {
              "url": "daysOfWeek",
              "valueCode": "sat"
            },
            {
              "url": "daysOfWeek",
              "valueCode": "sun"
            },
            {
              "url": "availableStartTime",
              "valueTime": "08:00:00"
            },
            {
              "url": "availableEndTime",
              "valueTime": "17:00:00"
            }
          ],
          "url": "http://hl7.org/fhir/us/fhir-directory-query/StructureDefinition/contactpoint-availabletime"
        }
      ],
      "system": "phone",
      "value": "(222)-333-4444",
      "rank": 2
    },
    {
      "system": "url",
      "value": "https://www.orga.com",
      "rank": 1
    }
  ],
  "address": {
    "line": [
      "345 Main Street"
    ],
    "city": "Nowheresville",
    "state": "CT",
    "postalCode": "00014-1234"
  },
  "position": {
    "longitude": 5,
    "latitude": 16
  },
  "managingOrganization": {
    "reference": "Organization/BigBox"
  },
  "hoursOfOperation": [
    {
      "daysOfWeek": [
        "mon",
        "tue",
        "wed",
        "thu",
        "fri"
      ],
      "allDay": true
    },
    {
      "daysOfWeek": [
        "sat"
      ],
      "openingTime": "08:00:00",
      "closingTime": "17:00:00"
    }
  ]
}