{
  "resourceType": "Location",
  "id": "PharmLoc1",
  "meta": {
    "lastUpdated": "2020-07-07T13:26:22.0314215+00:00",
    "profile": [
      "http://hl7.org/fhir/us/fhir-directory-exchange/StructureDefinition/NatlDir-Location"
    ]
  },
  "language": "en-US",
  "text": {
    "status": "extensions",
    "div": "<div xmlns=\"http://www.w3.org/1999/xhtml\" xml:lang=\"en-US\" lang=\"en-US\"><p><b>Generated Narrative</b></p><blockquote><p><b>New Patients</b></p><p><b>value</b>: <span title=\"Codes: {http://hl7.org/fhir/us/fhir-directory-exchange/CodeSystem/AcceptingPatientsCS existptonly}\">Accepting existing patients</span></p><p><b>value</b>: <a href=\"Organization-AcmeofCTStdNet.html\">Generated Summary: language: en-US; active: true; <span title=\"Codes: {http://hl7.org/fhir/us/fhir-directory-exchange/CodeSystem/OrgTypeCS ntwk}\">Network</span>; name: ACME CT Preferred Provider Network</a></p></blockquote><p><b>Accessibility</b>: <span title=\"Codes: {http://hl7.org/fhir/us/fhir-directory-exchange/CodeSystem/AccessibilityCS adacomp}\">ADA compliant</span></p><p><b>Accessibility</b>: <span title=\"Codes: {http://hl7.org/fhir/us/fhir-directory-exchange/CodeSystem/AccessibilityCS pubtrans}\">public transit options</span></p><p><b>status</b>: active</p><p><b>name</b>: OrgA CT Location 1</p><p><b>type</b>: <span title=\"Codes: {http://terminology.hl7.org/CodeSystem/v3-RoleCode OUTPHARM}\">outpatient pharmacy</span></p><p><b>telecom</b>: ph: (111)-222-3333, <a href=\"https://www.orga.com\">https://www.orga.com</a></p><p><b>address</b>: 123 Main Street Anytown CT 00014-1234 </p><h3>Positions</h3><table class=\"grid\"><tr><td>-</td><td><b>Longitude</b></td><td><b>Latitude</b></td></tr><tr><td>*</td><td>3</td><td>15</td></tr></table><p><b>managingOrganization</b>: <a href=\"Organization-BigBox.html\">Generated Summary: language: en-US; active: true; <span title=\"Codes: {http://hl7.org/fhir/us/fhir-directory-exchange/CodeSystem/OrgTypeCS bus}\">Non-Healthcare Business</span>; name: Big Box Retailer; Phone: (111)-222-3333, https://www.bixboxretailer.com</a></p><blockquote><p><b>hoursOfOperation</b></p><p><b>daysOfWeek</b>: mon, tue, wed, thu, fri</p><p><b>allDay</b>: true</p></blockquote><blockquote><p><b>hoursOfOperation</b></p><p><b>daysOfWeek</b>: sat, sun</p><p><b>openingTime</b>: 08:00:00</p><p><b>closingTime</b>: 17:00:00</p></blockquote></div>"
  },
  "extension": [
    {
      "extension": [
        {
          "url": "acceptingPatients",
          "valueCodeableConcept": {
            "coding": [
              {
                "system": "http://hl7.org/fhir/us/fhir-directory-exchange/CodeSystem/AcceptingPatientsCS",
                "code": "existptonly"
              }
            ]
          }
        },
        {
          "url": "fromNetwork",
          "valueReference": {
            "reference": "Organization/AcmeofCTStdNet"
          }
        }
      ],
      "url": "http://hl7.org/fhir/us/fhir-directory-exchange/StructureDefinition/newpatients"
    },
    {
      "url": "http://hl7.org/fhir/us/fhir-directory-exchange/StructureDefinition/accessibility",
      "valueCodeableConcept": {
        "coding": [
          {
            "system": "http://hl7.org/fhir/us/fhir-directory-exchange/CodeSystem/AccessibilityCS",
            "code": "adacomp"
          }
        ]
      }
    },
    {
      "url": "http://hl7.org/fhir/us/fhir-directory-exchange/StructureDefinition/accessibility",
      "valueCodeableConcept": {
        "coding": [
          {
            "system": "http://hl7.org/fhir/us/fhir-directory-exchange/CodeSystem/AccessibilityCS",
            "code": "pubtrans"
          }
        ]
      }
    }
  ],
  "status": "active",
  "name": "OrgA CT Location 1",
  "type": [
    {
      "coding": [
        {
          "system": "http://terminology.hl7.org/CodeSystem/v3-RoleCode",
          "code": "OUTPHARM",
          "display": "outpatient pharmacy"
        }
      ]
    }
  ],
  "telecom": [
    {
      "extension": [
        {
          "extension": [
            {
              "url": "daysOfWeek",
              "valueCode": "mon"
            },
            {
              "url": "daysOfWeek",
              "valueCode": "tue"
            },
            {
              "url": "daysOfWeek",
              "valueCode": "wed"
            },
            {
              "url": "daysOfWeek",
              "valueCode": "thu"
            },
            {
              "url": "daysOfWeek",
              "valueCode": "fri"
            },
            {
              "url": "allDay",
              "valueBoolean": true
            }
          ],
          "url": "http://hl7.org/fhir/us/fhir-directory-exchange/StructureDefinition/contactpoint-availabletime"
        },
        {
          "extension": [
            {
              "url": "daysOfWeek",
              "valueCode": "sat"
            },
            {
              "url": "daysOfWeek",
              "valueCode": "sun"
            },
            {
              "url": "availableStartTime",
              "valueTime": "08:00:00"
            },
            {
              "url": "availableEndTime",
              "valueTime": "17:00:00"
            }
          ],
          "url": "http://hl7.org/fhir/us/fhir-directory-exchange/StructureDefinition/contactpoint-availabletime"
        }
      ],
      "system": "phone",
      "value": "(111)-222-3333",
      "rank": 2
    },
    {
      "system": "url",
      "value": "https://www.orga.com",
      "rank": 1
    }
  ],
  "address": {
    "line": [
      "123 Main Street"
    ],
    "city": "Anytown",
    "state": "CT",
    "postalCode": "00014-1234"
  },
  "position": {
    "longitude": 3,
    "latitude": 15
  },
  "managingOrganization": {
    "reference": "Organization/BigBox"
  },
  "hoursOfOperation": [
    {
      "daysOfWeek": [
        "mon",
        "tue",
        "wed",
        "thu",
        "fri"
      ],
      "allDay": true
    },
    {
      "daysOfWeek": [
        "sat",
        "sun"
      ],
      "openingTime": "08:00:00",
      "closingTime": "17:00:00"
    }
  ]
}