<?xml version="1.0" encoding="UTF-8"?>

<Organization xmlns="http://hl7.org/fhir">
  <id value="ConnHIE"/>
  <meta>
    <lastUpdated value="2020-07-07T13:26:22.0314215+00:00"/>
    <profile value="http://hl7.org/fhir/us/fhir-directory-exchange/StructureDefinition/NatlDirEx-Organization"/>
  </meta>
  <language value="en-US"/>
  <text>
    <status value="generated"/><div xmlns="http://www.w3.org/1999/xhtml" xml:lang="en-US" lang="en-US"><p><b>Generated Narrative</b></p><div style="display: inline-block; background-color: #d9e0e7; padding: 6px; margin: 4px; border: 1px solid #8da1b4; border-radius: 5px; line-height: 60%"><p style="margin-bottom: 0px">Resource "ConnHIE" Updated "2020-07-07T09:26:22.031-04:00"  (Language "en-US") </p><p style="margin-bottom: 0px">Profile: <a href="StructureDefinition-NatlDirEx-Organization.html">National Directory Organization</a></p></div><p><b>active</b>: true</p><p><b>type</b>: Atypical Provider <span style="background: LightGoldenRodYellow; margin: 4px; border: 1px solid khaki"> (<a href="CodeSystem-OrgTypeCS.html">Organization Type</a>#atyprv)</span></p><p><b>name</b>: Connecticut HIE</p><p><b>telecom</b>: ph: (111)-222-3333, <a href="https://www.connhie.com">https://www.connhie.com</a></p><p><b>address</b>: 123 Main Street Anytown CT 00014-1234 </p><h3>Contacts</h3><table class="grid"><tr><td>-</td><td><b>Telecom</b></td></tr><tr><td>*</td><td>ph: (111)-222-3333</td></tr></table></div>
  </text>
  <active value="true"/>
  <type>
    <coding>
      <system value="http://hl7.org/fhir/us/fhir-directory-exchange/CodeSystem/OrgTypeCS"/>
      <code value="atyprv"/>
      <display value="Atypical Provider"/>
    </coding>
  </type>
  <name value="Connecticut HIE"/>
  <telecom>
    <system value="phone"/>
    <value value="(111)-222-3333"/>
    <rank value="2"/>
  </telecom>
  <telecom>
    <system value="url"/>
    <value value="https://www.connhie.com"/>
    <rank value="1"/>
  </telecom>
  <address>
    <line value="123 Main Street"/>
    <city value="Anytown"/>
    <state value="CT"/>
    <postalCode value="00014-1234"/>
  </address>
  <contact>
    <telecom>
      <system value="phone"/>
      <value value="(111)-222-3333"/>
      <rank value="1"/>
    </telecom>
  </contact>
</Organization>