<?xml version="1.0" encoding="UTF-8"?>

<OrganizationAffiliation xmlns="http://hl7.org/fhir">
  <id value="BurrClinicAffil"/>
  <meta>
    <lastUpdated value="2020-07-07T13:26:22.0314215+00:00"/>
    <profile value="http://hl7.org/fhir/us/fhir-directory-exchange/StructureDefinition/NatlDir-OrganizationAffiliation"/>
  </meta>
  <language value="en-US"/>
  <text>
    <status value="generated"/><div xmlns="http://www.w3.org/1999/xhtml" xml:lang="en-US" lang="en-US"><p><b>Generated Narrative</b></p><p><b>active</b>: true</p><p><b>organization</b>: <a href="Organization-Hospital.html">Generated Summary: language: en-US; id: NPI456; active: true; <span title="Codes: {http://hl7.org/fhir/us/fhir-directory-exchange/CodeSystem/OrgTypeCS fac}">Facility</span>; name: Hartford General Hospital; Phone: (111)-222-3333, https://www.hartfordgeneralhos...</a></p><p><b>participatingOrganization</b>: <a href="Organization-BurrClinic.html">Generated Summary: language: en-US; id: NPI999; active: true; <span title="Codes: {http://hl7.org/fhir/us/fhir-directory-exchange/CodeSystem/OrgTypeCS fac}">Facility</span>; name: Burr Clinic; Phone: (111)-222-3333, https://www.burrclinic.com</a></p><p><b>network</b>: <a href="Organization-AcmeofCTStdNet.html">Generated Summary: language: en-US; active: true; <span title="Codes: {http://hl7.org/fhir/us/fhir-directory-exchange/CodeSystem/OrgTypeCS ntwk}">Network</span>; name: ACME CT Preferred Provider Network</a></p><p><b>code</b>: <span title="Codes: {http://hl7.org/fhir/us/fhir-directory-exchange/CodeSystem/OrganizationAffiliationRoleCS outpatient}">Clinic or Outpatient Facility</span></p><p><b>location</b>: <a href="Location-HospLoc2.html">Generated Summary: language: en-US; status: active; name: Hartford Hospital Location 2; <span title="Codes: {http://terminology.hl7.org/CodeSystem/v3-RoleCode HOSP}">Hospital</span>; Phone: (111)-222-3333, https://www.hgh.com</a></p><p><b>healthcareService</b>: <a href="HealthcareService-BurrClinicServices.html">Generated Summary: language: en-US; active: true; <span title="Codes: {http://hl7.org/fhir/us/fhir-directory-exchange/CodeSystem/HealthcareServiceCategoryCS outpat}">Clinic or Outpatient Facility</span>; <span title="Codes: {http://nucc.org/provider-taxonomy 207Q00000X}">Family Medicine</span></a></p></div>
  </text>
  <active value="true"/>
  <organization>
    <reference value="Organization/Hospital"/>
  </organization>
  <participatingOrganization>
    <reference value="Organization/BurrClinic"/>
  </participatingOrganization>
  <network>
    <reference value="Organization/AcmeofCTStdNet"/>
  </network>
  <code>
    <coding>
      <system value="http://hl7.org/fhir/us/fhir-directory-exchange/CodeSystem/OrganizationAffiliationRoleCS"/>
      <code value="outpatient"/>
    </coding>
  </code>
  <location>
    <reference value="Location/HospLoc2"/>
  </location>
  <healthcareService>
    <reference value="HealthcareService/BurrClinicServices"/>
  </healthcareService>
</OrganizationAffiliation>