{
  "resourceType": "PractitionerRole",
  "id": "AnonRole",
  "meta": {
    "lastUpdated": "2020-07-07T13:26:22.0314215+00:00",
    "profile": [
      "http://hl7.org/fhir/us/national-healthcare-directory/StructureDefinition/NatlDir-PractitionerRole"
    ]
  },
  "language": "en-US",
  "text": {
    "status": "extensions",
    "div": "<div xmlns=\"http://www.w3.org/1999/xhtml\" xml:lang=\"en-US\" lang=\"en-US\"><p><b>Generated Narrative</b></p><p><b>Network Reference</b>: <a href=\"Organization-AcmeofCTStdNet.html\">Generated Summary: language: en-US; active: true; <span title=\"Codes: {http://hl7.org/fhir/us/national-healthcare-directory/CodeSystem/OrgTypeCS ntwk}\">Network</span>; name: ACME CT Preferred Provider Network</a></p><p><b>active</b>: true</p><p><b>organization</b>: <a href=\"Organization-CancerClinic.html\">Generated Summary: language: en-US; id: NPI788; active: true; <span title=\"Codes: {http://hl7.org/fhir/us/national-healthcare-directory/CodeSystem/OrgTypeCS fac}\">Facility</span>; name: Hamilton Clinic; Phone: (111)-222-3333, https://www.Hospital.com</a></p><p><b>code</b>: <span title=\"Codes: {http://hl7.org/fhir/us/national-healthcare-directory/CodeSystem/ProviderRoleCS ph}\">Physician</span></p><p><b>specialty</b>: <span title=\"Codes: {http://nucc.org/provider-taxonomy 207R00000X}\">Internal Medicine</span></p><p><b>location</b>: <a href=\"Location-HospLoc2.html\">Generated Summary: language: en-US; status: active; name: Hartford Hospital Location 2; <span title=\"Codes: {http://terminology.hl7.org/CodeSystem/v3-RoleCode HOSP}\">Hospital</span>; Phone: (111)-222-3333, https://www.hgh.com</a></p><p><b>healthcareService</b>: <a href=\"HealthcareService-BurrClinicServices.html\">Generated Summary: language: en-US; active: true; <span title=\"Codes: {http://hl7.org/fhir/us/national-healthcare-directory/CodeSystem/HealthcareServiceCategoryCS outpat}\">Clinic or Outpatient Facility</span>; <span title=\"Codes: {http://nucc.org/provider-taxonomy 207Q00000X}\">Family Medicine</span></a></p></div>"
  },
  "extension": [
    {
      "url": "http://hl7.org/fhir/us/national-healthcare-directory/StructureDefinition/network-reference",
      "valueReference": {
        "reference": "Organization/AcmeofCTStdNet"
      }
    }
  ],
  "active": true,
  "organization": {
    "reference": "Organization/CancerClinic"
  },
  "code": [
    {
      "coding": [
        {
          "system": "http://hl7.org/fhir/us/national-healthcare-directory/CodeSystem/ProviderRoleCS",
          "code": "ph"
        }
      ]
    }
  ],
  "specialty": [
    {
      "coding": [
        {
          "system": "http://nucc.org/provider-taxonomy",
          "code": "207R00000X",
          "display": "Internal Medicine"
        }
      ]
    }
  ],
  "location": [
    {
      "reference": "Location/HospLoc2"
    }
  ],
  "healthcareService": [
    {
      "reference": "HealthcareService/BurrClinicServices"
    }
  ]
}