{
  "resourceType": "Practitioner",
  "id": "Counselor",
  "meta": {
    "lastUpdated": "2020-07-07T13:26:22.0314215+00:00",
    "profile": [
      "http://hl7.org/fhir/us/national-healthcare-directory/StructureDefinition/NatlDir-Practitioner"
    ]
  },
  "language": "en-US",
  "text": {
    "status": "extensions",
    "div": "<div xmlns=\"http://www.w3.org/1999/xhtml\" xml:lang=\"en-US\" lang=\"en-US\"><p><b>Generated Narrative</b></p><p><b>Communication Proficiency</b>: <span title=\"Codes: {http://hl7.org/fhir/us/national-healthcare-directory/CodeSystem/LanguageProficiencyCS 30}\">General professional proficiency</span></p><p><b>identifier</b>: id: NPI3238</p><p><b>active</b>: true</p><p><b>name</b>: Susie Smith, LPC</p><h3>Qualifications</h3><table class=\"grid\"><tr><td>-</td><td><b>Extension</b></td><td><b>Code</b></td><td><b>Issuer</b></td></tr><tr><td>*</td><td></td><td><span title=\"Codes: \">IL</span></td><td><span>State of Illinois</span></td></tr></table><p><b>communication</b>: <span title=\"Codes: {urn:ietf:bcp:47 ru}\">Russian</span></p></div>"
  },
  "extension": [
    {
      "url": "http://hl7.org/fhir/us/national-healthcare-directory/StructureDefinition/communication-proficiency",
      "valueCodeableConcept": {
        "coding": [
          {
            "system": "http://hl7.org/fhir/us/national-healthcare-directory/CodeSystem/LanguageProficiencyCS",
            "code": "30"
          }
        ]
      }
    }
  ],
  "identifier": [
    {
      "system": "http://hl7.org/fhir/sid/us-npi",
      "value": "NPI3238"
    }
  ],
  "active": true,
  "name": [
    {
      "text": "Susie Smith, LPC",
      "family": "Smith",
      "given": [
        "Susie"
      ]
    }
  ],
  "qualification": [
    {
      "extension": [
        {
          "extension": [
            {
              "url": "status",
              "valueCode": "active"
            },
            {
              "url": "whereValid",
              "valueCodeableConcept": {
                "coding": [
                  {
                    "system": "https://www.usps.com/",
                    "code": "IL"
                  }
                ]
              }
            }
          ],
          "url": "http://hl7.org/fhir/us/national-healthcare-directory/StructureDefinition/practitioner-qualification"
        }
      ],
      "code": {
        "coding": [
          {
            "display": "LPC"
          }
        ],
        "text": "IL"
      },
      "issuer": {
        "display": "State of Illinois"
      }
    }
  ],
  "communication": [
    {
      "coding": [
        {
          "system": "urn:ietf:bcp:47",
          "code": "ru"
        }
      ]
    }
  ]
}