{
  "resourceType": "PractitionerRole",
  "id": "HansSoloRole1",
  "meta": {
    "lastUpdated": "2020-07-07T13:26:22.0314215+00:00",
    "profile": [
      "http://hl7.org/fhir/us/national-healthcare-directory/StructureDefinition/NatlDir-PractitionerRole"
    ]
  },
  "language": "en-US",
  "text": {
    "status": "extensions",
    "div": "<div xmlns=\"http://www.w3.org/1999/xhtml\" xml:lang=\"en-US\" lang=\"en-US\"><p><b>Generated Narrative</b></p><p><b>Network Reference</b>: <a href=\"Organization-AcmeofCTStdNet.html\">Generated Summary: language: en-US; active: true; <span title=\"Codes: {http://hl7.org/fhir/us/national-healthcare-directory/CodeSystem/OrgTypeCS ntwk}\">Network</span>; name: ACME CT Preferred Provider Network</a></p><blockquote><p><b>Qualification</b></p><p><b>value</b>: <span title=\"Codes: {http://nucc.org/provider-taxonomy 207R00000X}\">Internal Medicine Physician</span></p><p><b>value</b>: active</p><p><b>value</b>: <span>American Board of Internal Medicine</span></p></blockquote><p><b>active</b>: true</p><p><b>practitioner</b>: <a href=\"Practitioner-HansSolo.html\">Generated Summary: language: en-US; id: NPI3233; active: true; Hans Solo, MD; <span title=\"Codes: {urn:ietf:bcp:47 ja}\">Japanese</span></a></p><p><b>code</b>: <span title=\"Codes: {http://hl7.org/fhir/us/national-healthcare-directory/CodeSystem/ProviderRoleCS ph}\">Physician</span></p><p><b>specialty</b>: <span title=\"Codes: {http://nucc.org/provider-taxonomy 207R00000X}\">Internal Medicine</span></p><p><b>location</b>: <a href=\"Location-HansSoloClinic.html\">Generated Summary: language: en-US; status: active; name: OrgA CT Location 1; <span title=\"Codes: {http://terminology.hl7.org/CodeSystem/v3-RoleCode OUTPHARM}\">outpatient pharmacy</span>; Phone: (111)-222-3333, https://www.hanssolo.com</a></p><p><b>healthcareService</b>: <a href=\"HealthcareService-HansSoloService.html\">Generated Summary: language: en-US; active: true; <span title=\"Codes: {http://hl7.org/fhir/us/national-healthcare-directory/CodeSystem/HealthcareServiceCategoryCS outpat}\">Clinic or Outpatient Facility</span>; <span title=\"Codes: {http://nucc.org/provider-taxonomy 207Q00000X}\">Family Medicine</span></a></p></div>"
  },
  "extension": [
    {
      "url": "http://hl7.org/fhir/us/national-healthcare-directory/StructureDefinition/network-reference",
      "valueReference": {
        "reference": "Organization/AcmeofCTStdNet"
      }
    },
    {
      "extension": [
        {
          "url": "code",
          "valueCodeableConcept": {
            "coding": [
              {
                "system": "http://nucc.org/provider-taxonomy",
                "code": "207R00000X"
              }
            ]
          }
        },
        {
          "url": "status",
          "valueCode": "active"
        },
        {
          "url": "issuer",
          "valueReference": {
            "display": "American Board of Internal Medicine"
          }
        }
      ],
      "url": "http://hl7.org/fhir/us/national-healthcare-directory/StructureDefinition/qualification"
    }
  ],
  "active": true,
  "practitioner": {
    "reference": "Practitioner/HansSolo"
  },
  "code": [
    {
      "coding": [
        {
          "system": "http://hl7.org/fhir/us/national-healthcare-directory/CodeSystem/ProviderRoleCS",
          "code": "ph"
        }
      ]
    }
  ],
  "specialty": [
    {
      "coding": [
        {
          "system": "http://nucc.org/provider-taxonomy",
          "code": "207R00000X",
          "display": "Internal Medicine"
        }
      ]
    }
  ],
  "location": [
    {
      "reference": "Location/HansSoloClinic"
    }
  ],
  "healthcareService": [
    {
      "reference": "HealthcareService/HansSoloService"
    }
  ]
}