{"resourceType":"CapabilityStatement","id":"fhir-national-directory","text":{"status":"extensions","div":"<div xmlns=\"http://www.w3.org/1999/xhtml\"><h2>CapabilityStatementFhirNationalDirectory</h2><div><p>Capabilities for a validated national directory server</p>\n</div><table><tr><td>Mode</td><td>SERVER</td></tr><tr><td>Description</td><td><div><table class=\"grid\">\n<thead>\n<tr><th>Resource Type</th><th>Supported Interactions</th><th>Supported Profiles</th><th>Supported Searches</th><th>Supported <code>_includes</code></th><th>Supported <code>_revincludes</code></th><th>Supported Operations</th></tr>\n</thead>\n<tbody>\n<tr><td>endpoint</td><td/><td><a href=\"http://hl7.org/fhir/us/directory-query/2022Sep/StructureDefinition-NatlDirEndpointQry-HealthcareService.html\">http://hl7.org/fhir/us/directory-query/2022Sep/StructureDefinition-NatlDirEndpointQry-HealthcareService.html</a></td><td>identifier, usecase-type</td><td/><td/><td/></tr>\n<tr><td>healthcare Service</td><td/><td><a href=\"http://hl7.org/fhir/us/directory-query/2022Sep/StructureDefinition-NatlDirEndpointQry-HealthcareService.html\">http://hl7.org/fhir/us/directory-query/2022Sep/StructureDefinition-NatlDirEndpointQry-HealthcareService.html</a></td><td>service-category, coverage-area, endpoint, location, name, organization, specialty, service-type</td><td/><td/><td/></tr>\n<tr><td>InsurancePlan</td><td/><td><a href=\"http://hl7.org/fhir/us/directory-query/2022Sep/StructureDefinition-NatlDirEndpointQry-InsurancePlan.html\">http://hl7.org/fhir/us/directory-query/2022Sep/StructureDefinition-NatlDirEndpointQry-InsurancePlan.html</a></td><td>coverage-area, administrated-by, coverage-benefit-type, coverage-network, identifier, type, name, owned-by</td><td/><td/><td/></tr>\n<tr><td>location</td><td/><td><a href=\"http://hl7.org/fhir/us/directory-query/2022Sep/StructureDefinition-NatlDirEndpointQry-Location.html\">http://hl7.org/fhir/us/directory-query/2022Sep/StructureDefinition-NatlDirEndpointQry-Location.html</a></td><td>address, endpoint, organization, physicalType, partOf, type</td><td/><td/><td/></tr>\n<tr><td>network</td><td/><td><a href=\"http://hl7.org/fhir/us/directory-query/2022Sep/StructureDefinition-NatlDirEndpointQry-Network.html\">http://hl7.org/fhir/us/directory-query/2022Sep/StructureDefinition-NatlDirEndpointQry-Network.html</a></td><td>coverage-area, name</td><td/><td/><td/></tr>\n<tr><td>Organization</td><td/><td><a href=\"http://hl7.org/fhir/us/directory-query/2022Sep/StructureDefinition-NatlDirEndpointQry-Organization.html\">http://hl7.org/fhir/us/directory-query/2022Sep/StructureDefinition-NatlDirEndpointQry-Organization.html</a></td><td>type, address, endpoint, identifier, name, partOf</td><td/><td/><td/></tr>\n<tr><td>OrganizationAffiliation</td><td/><td><a href=\"http://hl7.org/fhir/us/directory-query/2022Sep/StructureDefinition-NatlDirEndpointQry-OrganizationAffiliation.html\">http://hl7.org/fhir/us/directory-query/2022Sep/StructureDefinition-NatlDirEndpointQry-OrganizationAffiliation.html</a></td><td>endpoint, location, network, participating-organization, primary-organization, role, service, specialty</td><td/><td/><td/></tr>\n<tr><td>Practitioner</td><td/><td><a href=\"http://hl7.org/fhir/us/directory-query/2022Sep/StructureDefinition-NatlDirEndpointQry-Practitioner.html\">http://hl7.org/fhir/us/directory-query/2022Sep/StructureDefinition-NatlDirEndpointQry-Practitioner.html</a></td><td>name, family, given, identifier, identifier-assigner, qualification-code, qualification-issuer</td><td/><td/><td/></tr>\n<tr><td>PractitionerRole</td><td/><td><a href=\"http://hl7.org/fhir/us/directory-query/2022Sep/StructureDefinition-NatlDirEndpointQry-PractitionerRole.html\">http://hl7.org/fhir/us/directory-query/2022Sep/StructureDefinition-NatlDirEndpointQry-PractitionerRole.html</a></td><td>endpoint, location, network, organization, Practicioner, role, service, specialty</td><td/><td/><td/></tr>\n<tr><td>Restriction</td><td/><td><a href=\"http://hl7.org/fhir/us/directory-query/2022Sep/StructureDefinition-NatlDir-Restriction.html\">http://hl7.org/fhir/us/directory-query/2022Sep/StructureDefinition-NatlDir-Restriction.html</a></td><td>_id, _id, _lastUpdated, plan-type, name, coverage-area, owned=by, administrated-by</td><td/><td/><td/></tr>\n<tr><td>Validation</td><td/><td><a href=\"http://hl7.org/fhir/us/directory-query/2022Sep/StructureDefinition-NatlDir-Verification.html\">http://hl7.org/fhir/us/directory-query/2022Sep/StructureDefinition-NatlDir-Verification.html</a></td><td>attestation-who, primarysource-who, target</td><td/><td/><td/></tr>\n<tr><td>CareTeam</td><td/><td><a href=\"http://hl7.org/fhir/us/directory-query/2022Sep/StructureDefinition-NatlDirEndpointQry-CareTeam.html\">http://hl7.org/fhir/us/directory-query/2022Sep/StructureDefinition-NatlDirEndpointQry-CareTeam.html</a></td><td>endpoint, location, name, organization, service, category</td><td/><td/><td/></tr>\n</tbody>\n</table>\n<h4>CareTeam</h4>\n<p>Conformance Expectation:\t<strong>SHOULD</strong></p>\n<p>Supported Profiles:</p>\n<ul>\n<li><strong>SHOULD</strong> support:<a href=\"http://hl7.org/fhir/us/directory-query/2022Sep/StructureDefinition-NatlDirEndpointQry-CareTeam.html\">(http://hl7.org/fhir/us/directory-query/2022Sep/StructureDefinition-NatlDirEndpointQry-CareTeam.html)</a></li>\n</ul>\n<h4>endpoint</h4>\n<p>Conformance Expectation:\t<strong>SHALL</strong></p>\n<p>Supported Profiles:</p>\n<ul>\n<li><strong>SHALL</strong> support:<a href=\"http://hl7.org/fhir/us/directory-query/2022Sep/StructureDefinition-NatlDirEndpointQry-Endpoint.html\">(http://hl7.org/fhir/us/directory-query/2022Sep/StructureDefinition-NatlDirEndpointQry-Endpoint.html)</a></li>\n</ul>\n<h4>healthcareService</h4>\n<p>Conformance Expectation:\t<strong>SHALL</strong></p>\n<p>Supported Profiles:</p>\n<ul>\n<li><strong>SHALL</strong> support:<a href=\"http://hl7.org/fhir/us/directory-query/2022Sep/StructureDefinition-NatlDirEndpointQry-HealthcareService.html\">(http://hl7.org/fhir/us/directory-query/2022Sep/StructureDefinition-NatlDirEndpointQry-HealthcareService.html)</a></li>\n</ul>\n<h4>InsurancePlan</h4>\n<p>Conformance Expectation:\t<strong>SHALL</strong></p>\n<p>Supported Profiles:</p>\n<ul>\n<li><strong>SHALL</strong> support:<a href=\"http://hl7.org/fhir/us/directory-query/2022Sep/StructureDefinition-NatlDirEndpointQry-InsurancePlan.html\">(http://hl7.org/fhir/us/directory-query/2022Sep/StructureDefinition-NatlDirEndpointQry-InsurancePlan.html)</a></li>\n</ul>\n<h4>location</h4>\n<p>Conformance Expectation:\t<strong>SHALL</strong></p>\n<p>Supported Profiles:</p>\n<ul>\n<li><strong>SHALL</strong> support:<a href=\"http://hl7.org/fhir/us/directory-query/2022Sep/StructureDefinition-NatlDirEndpointQry-Location.html\">(http://hl7.org/fhir/us/directory-query/2022Sep/StructureDefinition-NatlDirEndpointQry-Location.html)</a></li>\n</ul>\n<h4>network</h4>\n<p>Conformance Expectation:\t<strong>SHOULD</strong></p>\n<p>Supported Profiles:</p>\n<ul>\n<li><strong>SHOULD</strong> support:<a href=\"http://hl7.org/fhir/us/directory-query/2022Sep/StructureDefinition-NatlDirEndpointQry-Network.html\">(http://hl7.org/fhir/us/directory-query/2022Sep/StructureDefinition-NatlDirEndpointQry-Network.html)</a></li>\n</ul>\n<h4>organization</h4>\n<p>Conformance Expectation:\t<strong>SHALL</strong></p>\n<p>Supported Profiles:</p>\n<ul>\n<li><strong>SHALL</strong> support:<a href=\"http://hl7.org/fhir/us/directory-query/2022Sep/StructureDefinition-NatlDirEndpointQry-Organization.html\">(http://hl7.org/fhir/us/directory-query/2022Sep/StructureDefinition-NatlDirEndpointQry-Organization.html)</a></li>\n</ul>\n<h4>OrganizationAffiliation</h4>\n<p>Conformance Expectation:\t<strong>SHALL</strong></p>\n<p>Supported Profiles:</p>\n<ul>\n<li><strong>SHALL</strong> support:<a href=\"http://hl7.org/fhir/us/directory-query/2022Sep/StructureDefinition-NatlDirEndpointQry-OrganizationAffiliation.html\">(http://hl7.org/fhir/us/directory-query/2022Sep/StructureDefinition-NatlDirEndpointQry-OrganizationAffiliation.html)</a></li>\n</ul>\n<h4>Practitioner</h4>\n<p>Conformance Expectation:\t<strong>SHALL</strong></p>\n<p>Supported Profiles:</p>\n<ul>\n<li><strong>SHALL</strong> support:<a href=\"http://hl7.org/fhir/us/directory-query/2022Sep/StructureDefinition-NatlDirEndpointQry-Practitioner.html\">(http://hl7.org/fhir/us/directory-query/2022Sep/StructureDefinition-NatlDirEndpointQry-Practitioner.html)</a></li>\n</ul>\n<h4>PractitionerRole</h4>\n<p>Conformance Expectation:\t<strong>SHALL</strong></p>\n<p>Supported Profiles:</p>\n<ul>\n<li><strong>SHALL</strong> support:<a href=\"http://hl7.org/fhir/us/directory-query/2022Sep/StructureDefinition-NatlDirEndpointQry-PractitionerRole.html\">(http://hl7.org/fhir/us/directory-query/2022Sep/StructureDefinition-NatlDirEndpointQry-PractitionerRole.html)</a></li>\n</ul>\n<h4>Restriction</h4>\n<p>Conformance Expectation:\t<strong>SHALL</strong></p>\n<p>Supported Profiles:</p>\n<ul>\n<li><strong>SHALL</strong> support:<a href=\"http://hl7.org/fhir/us/directory-query/2022Sep/StructureDefinition-NatlDir-Restriction.html\">(http://hl7.org/fhir/us/directory-query/2022Sep/StructureDefinition-NatlDir-Restriction.html)</a></li>\n</ul>\n<h4>Validation</h4>\n<p>Conformance Expectation:\t<strong>MAY</strong></p>\n<p>Supported Profiles:</p>\n<ul>\n<li><strong>MAY</strong> support:<a href=\"http://hl7.org/fhir/us/directory-query/2022Sep/StructureDefinition-NatlDir-Verification.html\">(http://hl7.org/fhir/us/directory-query/2022Sep/StructureDefinition-NatlDir-Verification.html)</a></li>\n</ul>\n</div></td></tr><tr><td>Transaction</td><td></td></tr><tr><td>System History</td><td></td></tr><tr><td>System Search</td><td></td></tr></table><table><tr><th><b>Resource Type</b></th><th><b>Profile</b></th><th><b title=\"GET a resource (read interaction)\">Read</b></th><th><b title=\"GET all set of resources of the type (search interaction)\">Search</b></th><th><b title=\"PUT a new resource version (update interaction)\">Update</b></th><th><b title=\"POST a new resource (create interaction)\">Create</b></th></tr><tr><td>Endpoint</td><td>Supported profiles:<br/>  <a href=\"http://hl7.org/fhir/us/directory-exchange/StructureDefinition/NatlDirEx-Endpoint\">http://hl7.org/fhir/us/directory-exchange/StructureDefinition/NatlDirEx-Endpoint</a></td><td></td><td></td><td></td><td></td></tr><tr><td>HealthcareService</td><td>Supported profiles:<br/>  <a href=\"http://hl7.org/fhir/us/directory-exchange/StructureDefinition/NatlDirEx-HealthcareService\">http://hl7.org/fhir/us/directory-exchange/StructureDefinition/NatlDirEx-HealthcareService</a></td><td></td><td></td><td></td><td></td></tr><tr><td>InsurancePlan</td><td>Supported profiles:<br/>  <a href=\"http://hl7.org/fhir/us/directory-exchange/StructureDefinition/NatlDirEx-InsurancePlan\">http://hl7.org/fhir/us/directory-exchange/StructureDefinition/NatlDirEx-InsurancePlan</a></td><td></td><td></td><td></td><td></td></tr><tr><td>Location</td><td>Supported profiles:<br/>  <a href=\"http://hl7.org/fhir/us/directory-exchange/StructureDefinition/NatlDirEx-Location\">http://hl7.org/fhir/us/directory-exchange/StructureDefinition/NatlDirEx-Location</a></td><td></td><td></td><td></td><td></td></tr><tr><td>Organization</td><td>Supported profiles:<br/>  <a href=\"http://hl7.org/fhir/us/directory-exchange/StructureDefinition/NatlDirEx-Organization\">http://hl7.org/fhir/us/directory-exchange/StructureDefinition/NatlDirEx-Organization</a><br/>  <a href=\"http://hl7.org/fhir/us/directory-exchange/StructureDefinition/NatlDirEx-Network\">http://hl7.org/fhir/us/directory-exchange/StructureDefinition/NatlDirEx-Network</a></td><td></td><td></td><td></td><td></td></tr><tr><td>OrganizationAffiliation</td><td>Supported profiles:<br/>  <a href=\"http://hl7.org/fhir/us/directory-exchange/StructureDefinition/NatlDirEx-OrganizationAffiliation\">http://hl7.org/fhir/us/directory-exchange/StructureDefinition/NatlDirEx-OrganizationAffiliation</a></td><td></td><td></td><td></td><td></td></tr><tr><td>Practitioner</td><td>Supported profiles:<br/>  <a href=\"http://hl7.org/fhir/us/directory-exchange/StructureDefinition/NatlDirEx-Practitioner\">http://hl7.org/fhir/us/directory-exchange/StructureDefinition/NatlDirEx-Practitioner</a></td><td></td><td></td><td></td><td></td></tr><tr><td>PractitionerRole</td><td>Supported profiles:<br/>  <a href=\"http://hl7.org/fhir/us/directory-exchange/StructureDefinition/NatlDirEx-PractitionerRole\">http://hl7.org/fhir/us/directory-exchange/StructureDefinition/NatlDirEx-PractitionerRole</a></td><td></td><td></td><td></td><td></td></tr><tr><td>Consent</td><td>Supported profiles:<br/>  <a href=\"http://hl7.org/fhir/us/directory-exchange/StructureDefinition/NatlDirEx-Restriction\">http://hl7.org/fhir/us/directory-exchange/StructureDefinition/NatlDirEx-Restriction</a></td><td></td><td></td><td></td><td></td></tr><tr><td>VerificationResult</td><td>Supported profiles:<br/>  <a href=\"http://hl7.org/fhir/us/directory-exchange/StructureDefinition/NatlDirEx-Validation\">http://hl7.org/fhir/us/directory-exchange/StructureDefinition/NatlDirEx-Validation</a></td><td></td><td></td><td></td><td></td></tr><tr><td>CareTeam</td><td>Supported profiles:<br/>  <a href=\"http://hl7.org/fhir/us/directory-exchange/StructureDefinition/NatlDirEx-CareTeam\">http://hl7.org/fhir/us/directory-exchange/StructureDefinition/NatlDirEx-CareTeam</a></td><td></td><td></td><td></td><td></td></tr></table></div>"},"url":"http://hl7.org/fhir/us/directory-exchange/CapabilityStatement/fhir-national-directory","version":"1.0.0-ballot","name":"CapabilityStatementFhirNationalDirectory","title":"Capability Statement National Directory","status":"draft","experimental":true,"date":"2022-02-15T07:15:00.000000-04:00","publisher":"HL7 Patient Administration Working Group","contact":[{"name":"HL7 Patient Administration Working Group","telecom":[{"system":"url","value":"https://www.hl7.org/Special/committees/pafm"},{"system":"email","value":"pafm@lists.HL7.org"}]}],"description":"Capabilities for a validated national directory server","jurisdiction":[{"coding":[{"system":"urn:iso:std:iso:3166","code":"US"}]}],"kind":"requirements","fhirVersion":"4.0.1","format":["xml","json"],"implementationGuide":["https://hl7.org/fhir/us/directory-exchange/"],"rest":[{"mode":"server","documentation":" Resource Type | Supported Interactions | Supported Profiles | Supported Searches | Supported `_includes` | Supported `_revincludes` | Supported Operations |\n| --- | --- | --- | --- | --- | --- | --- |\n| endpoint |     | [http://hl7.org/fhir/us/directory-query/2022Sep/StructureDefinition-NatlDirEndpointQry-HealthcareService.html](http://hl7.org/fhir/us/directory-query/2022Sep/StructureDefinition-NatlDirEndpointQry-HealthcareService.html) | identifier, usecase-type |     |     |     |\n| healthcare Service|     | [http://hl7.org/fhir/us/directory-query/2022Sep/StructureDefinition-NatlDirEndpointQry-HealthcareService.html](http://hl7.org/fhir/us/directory-query/2022Sep/StructureDefinition-NatlDirEndpointQry-HealthcareService.html) | service-category, coverage-area, endpoint, location, name, organization, specialty, service-type |     |     |     |\n| InsurancePlan |     | [http://hl7.org/fhir/us/directory-query/2022Sep/StructureDefinition-NatlDirEndpointQry-InsurancePlan.html](http://hl7.org/fhir/us/directory-query/2022Sep/StructureDefinition-NatlDirEndpointQry-InsurancePlan.html) | coverage-area, administrated-by, coverage-benefit-type, coverage-network, identifier, type, name, owned-by |     |     |     |\n| location |     | [http://hl7.org/fhir/us/directory-query/2022Sep/StructureDefinition-NatlDirEndpointQry-Location.html](http://hl7.org/fhir/us/directory-query/2022Sep/StructureDefinition-NatlDirEndpointQry-Location.html) | address, endpoint, organization, physicalType, partOf, type |     |     |     |\n| network |     | [http://hl7.org/fhir/us/directory-query/2022Sep/StructureDefinition-NatlDirEndpointQry-Network.html](http://hl7.org/fhir/us/directory-query/2022Sep/StructureDefinition-NatlDirEndpointQry-Network.html) | coverage-area, name |     |     |     |\n| Organization |     | [http://hl7.org/fhir/us/directory-query/2022Sep/StructureDefinition-NatlDirEndpointQry-Organization.html](http://hl7.org/fhir/us/directory-query/2022Sep/StructureDefinition-NatlDirEndpointQry-Organization.html) | type, address, endpoint, identifier, name, partOf |     |     |     |\n| OrganizationAffiliation |     | [http://hl7.org/fhir/us/directory-query/2022Sep/StructureDefinition-NatlDirEndpointQry-OrganizationAffiliation.html](http://hl7.org/fhir/us/directory-query/2022Sep/StructureDefinition-NatlDirEndpointQry-OrganizationAffiliation.html) | endpoint, location, network, participating-organization, primary-organization, role, service, specialty |     |     |     |\n| Practitioner |     | [http://hl7.org/fhir/us/directory-query/2022Sep/StructureDefinition-NatlDirEndpointQry-Practitioner.html](http://hl7.org/fhir/us/directory-query/2022Sep/StructureDefinition-NatlDirEndpointQry-Practitioner.html) | name, family, given, identifier, identifier-assigner, qualification-code, qualification-issuer |     |     |     |\n| PractitionerRole |     | [http://hl7.org/fhir/us/directory-query/2022Sep/StructureDefinition-NatlDirEndpointQry-PractitionerRole.html](http://hl7.org/fhir/us/directory-query/2022Sep/StructureDefinition-NatlDirEndpointQry-PractitionerRole.html) | endpoint, location, network, organization, Practicioner, role, service, specialty|     |     |     |\n| Restriction |     | [http://hl7.org/fhir/us/directory-query/2022Sep/StructureDefinition-NatlDir-Restriction.html](http://hl7.org/fhir/us/directory-query/2022Sep/StructureDefinition-NatlDir-Restriction.html) | _id, _id, _lastUpdated, plan-type, name, coverage-area, owned=by, administrated-by|     |     |     |\n| Validation |     | [http://hl7.org/fhir/us/directory-query/2022Sep/StructureDefinition-NatlDir-Verification.html](http://hl7.org/fhir/us/directory-query/2022Sep/StructureDefinition-NatlDir-Verification.html) | attestation-who, primarysource-who, target |     |     |     |\n| CareTeam |     | [http://hl7.org/fhir/us/directory-query/2022Sep/StructureDefinition-NatlDirEndpointQry-CareTeam.html](http://hl7.org/fhir/us/directory-query/2022Sep/StructureDefinition-NatlDirEndpointQry-CareTeam.html) | endpoint, location, name, organization, service, category |     |     |     |\n\n#### CareTeam\n\nConformance Expectation:\t**SHOULD**\n\nSupported Profiles:\n\n* **SHOULD** support:[(http://hl7.org/fhir/us/directory-query/2022Sep/StructureDefinition-NatlDirEndpointQry-CareTeam.html)](http://hl7.org/fhir/us/directory-query/2022Sep/StructureDefinition-NatlDirEndpointQry-CareTeam.html)\n\n#### endpoint\n\nConformance Expectation:\t**SHALL**\n\nSupported Profiles:\n\n* **SHALL** support:[(http://hl7.org/fhir/us/directory-query/2022Sep/StructureDefinition-NatlDirEndpointQry-Endpoint.html)](http://hl7.org/fhir/us/directory-query/2022Sep/StructureDefinition-NatlDirEndpointQry-Endpoint.html)\n\n\n#### healthcareService\n\nConformance Expectation:\t**SHALL**\n\nSupported Profiles:\n\n* **SHALL** support:[(http://hl7.org/fhir/us/directory-query/2022Sep/StructureDefinition-NatlDirEndpointQry-HealthcareService.html)](http://hl7.org/fhir/us/directory-query/2022Sep/StructureDefinition-NatlDirEndpointQry-HealthcareService.html)\n\n#### InsurancePlan\n\nConformance Expectation:\t**SHALL**\n\nSupported Profiles:\n\n* **SHALL** support:[(http://hl7.org/fhir/us/directory-query/2022Sep/StructureDefinition-NatlDirEndpointQry-InsurancePlan.html)](http://hl7.org/fhir/us/directory-query/2022Sep/StructureDefinition-NatlDirEndpointQry-InsurancePlan.html)\n\n#### location\n\nConformance Expectation:\t**SHALL**\n\nSupported Profiles:\n\n* **SHALL** support:[(http://hl7.org/fhir/us/directory-query/2022Sep/StructureDefinition-NatlDirEndpointQry-Location.html)](http://hl7.org/fhir/us/directory-query/2022Sep/StructureDefinition-NatlDirEndpointQry-Location.html)\n\n#### network\n\nConformance Expectation:\t**SHOULD**\n\nSupported Profiles:\n\n* **SHOULD** support:[(http://hl7.org/fhir/us/directory-query/2022Sep/StructureDefinition-NatlDirEndpointQry-Network.html)](http://hl7.org/fhir/us/directory-query/2022Sep/StructureDefinition-NatlDirEndpointQry-Network.html)\n\n#### organization\n\nConformance Expectation:\t**SHALL**\n\nSupported Profiles:\n\n* **SHALL** support:[(http://hl7.org/fhir/us/directory-query/2022Sep/StructureDefinition-NatlDirEndpointQry-Organization.html)](http://hl7.org/fhir/us/directory-query/2022Sep/StructureDefinition-NatlDirEndpointQry-Organization.html)\n\n#### OrganizationAffiliation\n\nConformance Expectation:\t**SHALL**\n\nSupported Profiles:\n\n* **SHALL** support:[(http://hl7.org/fhir/us/directory-query/2022Sep/StructureDefinition-NatlDirEndpointQry-OrganizationAffiliation.html)](http://hl7.org/fhir/us/directory-query/2022Sep/StructureDefinition-NatlDirEndpointQry-OrganizationAffiliation.html)\n\n#### Practitioner\n\nConformance Expectation:\t**SHALL**\n\nSupported Profiles:\n\n* **SHALL** support:[(http://hl7.org/fhir/us/directory-query/2022Sep/StructureDefinition-NatlDirEndpointQry-Practitioner.html)](http://hl7.org/fhir/us/directory-query/2022Sep/StructureDefinition-NatlDirEndpointQry-Practitioner.html)\n\n#### PractitionerRole\n\nConformance Expectation:\t**SHALL**\n\nSupported Profiles:\n\n* **SHALL** support:[(http://hl7.org/fhir/us/directory-query/2022Sep/StructureDefinition-NatlDirEndpointQry-PractitionerRole.html)](http://hl7.org/fhir/us/directory-query/2022Sep/StructureDefinition-NatlDirEndpointQry-PractitionerRole.html)\n\n#### Restriction\n\nConformance Expectation:\t**SHALL**\n\nSupported Profiles:\n\n* **SHALL** support:[(http://hl7.org/fhir/us/directory-query/2022Sep/StructureDefinition-NatlDir-Restriction.html)](http://hl7.org/fhir/us/directory-query/2022Sep/StructureDefinition-NatlDir-Restriction.html)\n\n#### Validation\n\nConformance Expectation:\t**MAY**\n\nSupported Profiles:\n\n* **MAY** support:[(http://hl7.org/fhir/us/directory-query/2022Sep/StructureDefinition-NatlDir-Verification.html)](http://hl7.org/fhir/us/directory-query/2022Sep/StructureDefinition-NatlDir-Verification.html)\n\n","security":{"description":"1. See the [General Security Considerations](http://www.hl7.org/fhir/security.html#general) section for requirements and recommendations.\n1. A client **SHALL** reject any unauthorized requests by returning an `HTTP 401` unauthorized response code."},"resource":[{"type":"Endpoint","supportedProfile":["http://hl7.org/fhir/us/directory-exchange/StructureDefinition/NatlDirEx-Endpoint"],"_supportedProfile":[{"extension":[{"url":"http://hl7.org/fhir/StructureDefinition/capabilitystatement-expectation","valueCode":"SHALL"}]}],"searchParam":[{"extension":[{"url":"http://hl7.org/fhir/StructureDefinition/capabilitystatement-expectation","valueCode":"SHALL"}],"name":"identifier","type":"token"},{"extension":[{"url":"http://hl7.org/fhir/StructureDefinition/capabilitystatement-expectation","valueCode":"SHALL"}],"name":"connection-type","definition":"https://hl7.org/fhir/us/directory-exchange/SearchParameter-Endpoint-connection-type","type":"token"},{"extension":[{"url":"http://hl7.org/fhir/StructureDefinition/capabilitystatement-expectation","valueCode":"SHALL"}],"name":"mime-type","definition":"https://hl7.org/fhir/us/directory-exchange/SearchParameter-Endpoint-mime-type","type":"token"},{"extension":[{"url":"http://hl7.org/fhir/StructureDefinition/capabilitystatement-expectation","valueCode":"SHALL"}],"name":"organization","definition":"https://hl7.org/fhir/us/directory-exchange/SearchParameter-Endpoint-organization","type":"token"},{"extension":[{"url":"http://hl7.org/fhir/StructureDefinition/capabilitystatement-expectation","valueCode":"SHALL"}],"name":"payload-type","definition":"https://hl7.org/fhir/us/directory-exchange/SearchParameter-Endpoint-payload-type","type":"token"},{"extension":[{"url":"http://hl7.org/fhir/StructureDefinition/capabilitystatement-expectation","valueCode":"SHALL"}],"name":"usecase-standard","definition":"https://hl7.org/fhir/us/directory-exchange/SearchParameter-Endpoint-usecase-standard","type":"token"},{"extension":[{"url":"http://hl7.org/fhir/StructureDefinition/capabilitystatement-expectation","valueCode":"SHALL"}],"name":"status","definition":"https://hl7.org/fhir/us/directory-exchange/SearchParameter-Endpoint-status","type":"token"},{"extension":[{"url":"http://hl7.org/fhir/StructureDefinition/capabilitystatement-expectation","valueCode":"SHALL"}],"name":"usecase-type","definition":"https://hl7.org/fhir/us/directory-exchange/SearchParameter-Endpoint-usecase-type","type":"token"}]},{"type":"HealthcareService","supportedProfile":["http://hl7.org/fhir/us/directory-exchange/StructureDefinition/NatlDirEx-HealthcareService"],"_supportedProfile":[{"extension":[{"url":"http://hl7.org/fhir/StructureDefinition/capabilitystatement-expectation","valueCode":"SHALL"}]}],"searchParam":[{"extension":[{"url":"http://hl7.org/fhir/StructureDefinition/capabilitystatement-expectation","valueCode":"SHALL"}],"name":"service-category","definition":"https://hl7.org/fhir/us/directory-exchange/SearchParameter-HealthcareService-service-category","type":"token"},{"extension":[{"url":"http://hl7.org/fhir/StructureDefinition/capabilitystatement-expectation","valueCode":"SHALL"}],"name":"coverage-area","definition":"https://hl7.org/fhir/us/directory-exchange/SearchParameter-HealthcareService-coverage-area","type":"token"},{"extension":[{"url":"http://hl7.org/fhir/StructureDefinition/capabilitystatement-expectation","valueCode":"SHALL"}],"name":"endpoint","definition":"https://hl7.org/fhir/us/directory-exchange/SearchParameter-HealthcareService-Endpoint","type":"token"},{"extension":[{"url":"http://hl7.org/fhir/StructureDefinition/capabilitystatement-expectation","valueCode":"SHALL"}],"name":"location","definition":"https://hl7.org/fhir/us/directory-exchange/SearchParameter-HealthcareService-location","type":"token"},{"extension":[{"url":"http://hl7.org/fhir/StructureDefinition/capabilitystatement-expectation","valueCode":"SHALL"}],"name":"name","definition":"https://hl7.org/fhir/us/directory-exchange/SearchParameter-HealthcareService-name","type":"token"},{"extension":[{"url":"http://hl7.org/fhir/StructureDefinition/capabilitystatement-expectation","valueCode":"SHALL"}],"name":"organization","definition":"https://hl7.org/fhir/us/directory-exchange/SearchParameter-HealthcareService-organization","type":"token"},{"extension":[{"url":"http://hl7.org/fhir/StructureDefinition/capabilitystatement-expectation","valueCode":"SHALL"}],"name":"specialty","definition":"https://hl7.org/fhir/us/directory-exchange/SearchParameter-HealthcareService-specialty","type":"token"},{"extension":[{"url":"http://hl7.org/fhir/StructureDefinition/capabilitystatement-expectation","valueCode":"SHALL"}],"name":"service-type","definition":"https://hl7.org/fhir/us/directory-exchange/SearchParameter-HealthcareService-service-type","type":"token"}]},{"type":"InsurancePlan","supportedProfile":["http://hl7.org/fhir/us/directory-exchange/StructureDefinition/NatlDirEx-InsurancePlan"],"_supportedProfile":[{"extension":[{"url":"http://hl7.org/fhir/StructureDefinition/capabilitystatement-expectation","valueCode":"SHOULD"}]}],"searchParam":[{"extension":[{"url":"http://hl7.org/fhir/StructureDefinition/capabilitystatement-expectation","valueCode":"SHALL"}],"name":"coverage-area","definition":"https://hl7.org/fhir/us/directory-exchange/SearchParameter-InsurancePlan-coverage-area","type":"token"},{"extension":[{"url":"http://hl7.org/fhir/StructureDefinition/capabilitystatement-expectation","valueCode":"SHALL"}],"name":"administrated-by","definition":"https://hl7.org/fhir/us/directory-exchange/SearchParameter-InsurancePlan-administrated-by","type":"token"},{"extension":[{"url":"http://hl7.org/fhir/StructureDefinition/capabilitystatement-expectation","valueCode":"SHALL"}],"name":"coverage-benefit-type","definition":"https://hl7.org/fhir/us/directory-exchange/SearchParameter-InsurancePlan-coverage-benefit-type","type":"token"},{"extension":[{"url":"http://hl7.org/fhir/StructureDefinition/capabilitystatement-expectation","valueCode":"SHALL"}],"name":"coverage-network","definition":"https://hl7.org/fhir/us/directory-exchange/SearchParameter-InsurancePlan-coverage-network","type":"token"},{"extension":[{"url":"http://hl7.org/fhir/StructureDefinition/capabilitystatement-expectation","valueCode":"SHALL"}],"name":"identifier","definition":"https://hl7.org/fhir/us/directory-exchange/SearchParameter-InsurancePlan-identifier","type":"token"},{"extension":[{"url":"http://hl7.org/fhir/StructureDefinition/capabilitystatement-expectation","valueCode":"SHALL"}],"name":"type","definition":"https://hl7.org/fhir/us/directory-exchange/SearchParameter-InsurancePlan-type","type":"token"},{"extension":[{"url":"http://hl7.org/fhir/StructureDefinition/capabilitystatement-expectation","valueCode":"SHALL"}],"name":"name","definition":"https://hl7.org/fhir/us/directory-exchange/SearchParameter-InsurancePlan-name","type":"token"},{"extension":[{"url":"http://hl7.org/fhir/StructureDefinition/capabilitystatement-expectation","valueCode":"SHALL"}],"name":"owned-by","definition":"https://hl7.org/fhir/us/directory-exchange/SearchParameter-InsurancePlan-owned-by","type":"token"}]},{"type":"Location","supportedProfile":["http://hl7.org/fhir/us/directory-exchange/StructureDefinition/NatlDirEx-Location"],"_supportedProfile":[{"extension":[{"url":"http://hl7.org/fhir/StructureDefinition/capabilitystatement-expectation","valueCode":"SHALL"}]}],"searchParam":[{"extension":[{"url":"http://hl7.org/fhir/StructureDefinition/capabilitystatement-expectation","valueCode":"SHALL"}],"name":"address","definition":"https://hl7.org/fhir/us/directory-exchange/SearchParameter-location-address","type":"token"},{"extension":[{"url":"http://hl7.org/fhir/StructureDefinition/capabilitystatement-expectation","valueCode":"SHALL"}],"name":"endpoint","definition":"https://hl7.org/fhir/us/directory-exchange/SearchParameter-location-Endpoint","type":"token"},{"extension":[{"url":"http://hl7.org/fhir/StructureDefinition/capabilitystatement-expectation","valueCode":"SHALL"}],"name":"organization","definition":"https://hl7.org/fhir/us/directory-exchange/SearchParameter-location-organization","type":"token"},{"extension":[{"url":"http://hl7.org/fhir/StructureDefinition/capabilitystatement-expectation","valueCode":"SHALL"}],"name":"physicalType","definition":"https://hl7.org/fhir/us/directory-exchange/SearchParameter-location-physicalType","type":"token"},{"extension":[{"url":"http://hl7.org/fhir/StructureDefinition/capabilitystatement-expectation","valueCode":"SHALL"}],"name":"partOf","definition":"https://hl7.org/fhir/us/directory-exchange/SearchParameter-location-partOf","type":"token"},{"extension":[{"url":"http://hl7.org/fhir/StructureDefinition/capabilitystatement-expectation","valueCode":"SHALL"}],"name":"type","definition":"https://hl7.org/fhir/us/directory-exchange/SearchParameter-location-type","type":"token"}]},{"type":"Organization","supportedProfile":["http://hl7.org/fhir/us/directory-exchange/StructureDefinition/NatlDirEx-Organization","http://hl7.org/fhir/us/directory-exchange/StructureDefinition/NatlDirEx-Network"],"_supportedProfile":[{"extension":[{"url":"http://hl7.org/fhir/StructureDefinition/capabilitystatement-expectation","valueCode":"SHOULD"}]},null],"searchParam":[{"extension":[{"url":"http://hl7.org/fhir/StructureDefinition/capabilitystatement-expectation","valueCode":"SHALL"}],"name":"type","definition":"https://hl7.org/fhir/us/directory-exchange/SearchParameter-organization-type","type":"token"},{"extension":[{"url":"http://hl7.org/fhir/StructureDefinition/capabilitystatement-expectation","valueCode":"SHALL"}],"name":"address","definition":"https://hl7.org/fhir/us/directory-exchange/SearchParameter-organization-address","type":"token"},{"extension":[{"url":"http://hl7.org/fhir/StructureDefinition/capabilitystatement-expectation","valueCode":"SHALL"}],"name":"endpoint","definition":"https://hl7.org/fhir/us/directory-exchange/SearchParameter-organization-Endpoint","type":"token"},{"extension":[{"url":"http://hl7.org/fhir/StructureDefinition/capabilitystatement-expectation","valueCode":"SHALL"}],"name":"identifier","definition":"https://hl7.org/fhir/us/directory-exchange/SearchParameter-organization-identifier","type":"token"},{"extension":[{"url":"http://hl7.org/fhir/StructureDefinition/capabilitystatement-expectation","valueCode":"SHALL"}],"name":"name","definition":"https://hl7.org/fhir/us/directory-exchange/SearchParameter-organization-name","type":"token"},{"extension":[{"url":"http://hl7.org/fhir/StructureDefinition/capabilitystatement-expectation","valueCode":"SHALL"}],"name":"partOf","definition":"https://hl7.org/fhir/us/directory-exchange/SearchParameter-organization-partOf","type":"token"},{"extension":[{"url":"http://hl7.org/fhir/StructureDefinition/capabilitystatement-expectation","valueCode":"SHALL"}],"name":"coverage-area","definition":"https://hl7.org/fhir/us/directory-exchange/SearchParameter-location-coverage-area","type":"token"},{"extension":[{"url":"http://hl7.org/fhir/StructureDefinition/capabilitystatement-expectation","valueCode":"SHALL"}],"name":"NetworkName","definition":"https://hl7.org/fhir/us/directory-exchange/SearchParameter-network-name","type":"token"}]},{"type":"OrganizationAffiliation","supportedProfile":["http://hl7.org/fhir/us/directory-exchange/StructureDefinition/NatlDirEx-OrganizationAffiliation"],"_supportedProfile":[{"extension":[{"url":"http://hl7.org/fhir/StructureDefinition/capabilitystatement-expectation","valueCode":"SHALL"}]}],"searchParam":[{"extension":[{"url":"http://hl7.org/fhir/StructureDefinition/capabilitystatement-expectation","valueCode":"SHALL"}],"name":"endpoint","definition":"https://hl7.org/fhir/us/directory-exchange/SearchParameter-organizationAffiliation-Endpoint","type":"token"},{"extension":[{"url":"http://hl7.org/fhir/StructureDefinition/capabilitystatement-expectation","valueCode":"SHALL"}],"name":"location","definition":"https://hl7.org/fhir/us/directory-exchange/SearchParameter-organizationAffiliation-location","type":"token"},{"extension":[{"url":"http://hl7.org/fhir/StructureDefinition/capabilitystatement-expectation","valueCode":"SHALL"}],"name":"network","definition":"https://hl7.org/fhir/us/directory-exchange/SearchParameter-organizationAffiliation-network","type":"token"},{"extension":[{"url":"http://hl7.org/fhir/StructureDefinition/capabilitystatement-expectation","valueCode":"SHALL"}],"name":"participating-organization","definition":"https://hl7.org/fhir/us/directory-exchange/SearchParameter-organizationAffiliation-participating-organization","type":"token"},{"extension":[{"url":"http://hl7.org/fhir/StructureDefinition/capabilitystatement-expectation","valueCode":"SHALL"}],"name":"primary-organization","definition":"https://hl7.org/fhir/us/directory-exchange/SearchParameter-organizationAffiliation-primary-organization","type":"token"},{"extension":[{"url":"http://hl7.org/fhir/StructureDefinition/capabilitystatement-expectation","valueCode":"SHALL"}],"name":"role","definition":"https://hl7.org/fhir/us/directory-exchange/SearchParameter-organizationAffiliation-role","type":"token"},{"extension":[{"url":"http://hl7.org/fhir/StructureDefinition/capabilitystatement-expectation","valueCode":"SHALL"}],"name":"service","definition":"https://hl7.org/fhir/us/directory-exchange/SearchParameter-organizationAffiliation-service","type":"token"},{"extension":[{"url":"http://hl7.org/fhir/StructureDefinition/capabilitystatement-expectation","valueCode":"SHALL"}],"name":"specialty","definition":"https://hl7.org/fhir/us/directory-exchange/SearchParameter-organizationAffiliation-specialty","type":"token"}]},{"type":"Practitioner","supportedProfile":["http://hl7.org/fhir/us/directory-exchange/StructureDefinition/NatlDirEx-Practitioner"],"_supportedProfile":[{"extension":[{"url":"http://hl7.org/fhir/StructureDefinition/capabilitystatement-expectation","valueCode":"SHALL"}]}],"searchParam":[{"extension":[{"url":"http://hl7.org/fhir/StructureDefinition/capabilitystatement-expectation","valueCode":"SHALL"}],"name":"name","definition":"https://hl7.org/fhir/us/directory-exchange/SearchParameter-Practitioner-name","type":"token"},{"extension":[{"url":"http://hl7.org/fhir/StructureDefinition/capabilitystatement-expectation","valueCode":"SHALL"}],"name":"family","definition":"https://hl7.org/fhir/us/directory-exchange/SearchParameter-Practitioner-family","type":"token"},{"extension":[{"url":"http://hl7.org/fhir/StructureDefinition/capabilitystatement-expectation","valueCode":"SHALL"}],"name":"given","definition":"https://hl7.org/fhir/us/directory-exchange/SearchParameter-Practitioner-given","type":"token"},{"extension":[{"url":"http://hl7.org/fhir/StructureDefinition/capabilitystatement-expectation","valueCode":"SHALL"}],"name":"identifier","definition":"https://hl7.org/fhir/us/directory-exchange/SearchParameter-Practitioner-identifier","type":"token"},{"extension":[{"url":"http://hl7.org/fhir/StructureDefinition/capabilitystatement-expectation","valueCode":"SHALL"}],"name":"identifier-assigner","definition":"https://hl7.org/fhir/us/directory-exchange/SearchParameter-Practitioner-identifier-assigner","type":"token"},{"extension":[{"url":"http://hl7.org/fhir/StructureDefinition/capabilitystatement-expectation","valueCode":"SHALL"}],"name":"qualification-code","definition":"https://hl7.org/fhir/us/directory-exchange/SearchParameter-Practitioner-qualification-code","type":"token"},{"extension":[{"url":"http://hl7.org/fhir/StructureDefinition/capabilitystatement-expectation","valueCode":"SHALL"}],"name":"qualification-issuer","definition":"https://hl7.org/fhir/us/directory-exchange/SearchParameter-Practitioner-qualification-issuer","type":"token"}]},{"type":"PractitionerRole","supportedProfile":["http://hl7.org/fhir/us/directory-exchange/StructureDefinition/NatlDirEx-PractitionerRole"],"_supportedProfile":[{"extension":[{"url":"http://hl7.org/fhir/StructureDefinition/capabilitystatement-expectation","valueCode":"SHALL"}]}],"searchParam":[{"extension":[{"url":"http://hl7.org/fhir/StructureDefinition/capabilitystatement-expectation","valueCode":"SHALL"}],"name":"endpoint","definition":"https://hl7.org/fhir/us/directory-exchange/SearchParameter-PractitionerRole-Endpoint","type":"token"},{"extension":[{"url":"http://hl7.org/fhir/StructureDefinition/capabilitystatement-expectation","valueCode":"SHALL"}],"name":"location","definition":"https://hl7.org/fhir/us/directory-exchange/SearchParameter-PractitionerRole-location","type":"token"},{"extension":[{"url":"http://hl7.org/fhir/StructureDefinition/capabilitystatement-expectation","valueCode":"SHALL"}],"name":"network","definition":"https://hl7.org/fhir/us/directory-exchange/SearchParameter-PractitionerRole-network","type":"token"},{"extension":[{"url":"http://hl7.org/fhir/StructureDefinition/capabilitystatement-expectation","valueCode":"SHALL"}],"name":"organization","definition":"https://hl7.org/fhir/us/directory-exchange/SearchParameter-PractitionerRole-organization","type":"token"},{"extension":[{"url":"http://hl7.org/fhir/StructureDefinition/capabilitystatement-expectation","valueCode":"SHALL"}],"name":"Practicioner","definition":"https://hl7.org/fhir/us/directory-exchange/SearchParameter-PractitionerRole-Practicioner","type":"token"},{"extension":[{"url":"http://hl7.org/fhir/StructureDefinition/capabilitystatement-expectation","valueCode":"SHALL"}],"name":"role","definition":"https://hl7.org/fhir/us/directory-exchange/SearchParameter-PractitionerRole-role","type":"token"},{"extension":[{"url":"http://hl7.org/fhir/StructureDefinition/capabilitystatement-expectation","valueCode":"SHALL"}],"name":"service","definition":"https://hl7.org/fhir/us/directory-exchange/SearchParameter-PractitionerRole-service","type":"token"},{"extension":[{"url":"http://hl7.org/fhir/StructureDefinition/capabilitystatement-expectation","valueCode":"SHALL"}],"name":"specialty","definition":"https://hl7.org/fhir/us/directory-exchange/SearchParameter-PractitionerRole-specialty","type":"token"}]},{"type":"Consent","supportedProfile":["http://hl7.org/fhir/us/directory-exchange/StructureDefinition/NatlDirEx-Restriction"],"_supportedProfile":[{"extension":[{"url":"http://hl7.org/fhir/StructureDefinition/capabilitystatement-expectation","valueCode":"SHALL"}]}],"searchParam":[{"extension":[{"url":"http://hl7.org/fhir/StructureDefinition/capabilitystatement-expectation","valueCode":"SHALL"}],"name":"_id","definition":"https://hl7.org/fhir/us/directory-exchange/SearchParameter-Restriction-identifier","type":"token"},{"extension":[{"url":"http://hl7.org/fhir/StructureDefinition/capabilitystatement-expectation","valueCode":"SHALL"}],"name":"_lastUpdated","definition":"https://hl7.org/fhir/us/directory-exchange/SearchParameter-Restriction-lastUpdated","type":"token"},{"extension":[{"url":"http://hl7.org/fhir/StructureDefinition/capabilitystatement-expectation","valueCode":"SHALL"}],"name":"plan-type","definition":"https://hl7.org/fhir/us/directory-exchange/SearchParameter-Restriction-plan-type","type":"token"},{"extension":[{"url":"http://hl7.org/fhir/StructureDefinition/capabilitystatement-expectation","valueCode":"SHALL"}],"name":"name","definition":"https://hl7.org/fhir/us/directory-exchange/SearchParameter-Restriction-name","type":"token"},{"extension":[{"url":"http://hl7.org/fhir/StructureDefinition/capabilitystatement-expectation","valueCode":"SHALL"}],"name":"coverage-area","definition":"https://hl7.org/fhir/us/directory-exchange/SearchParameter-Restriction-coverage-area","type":"token"},{"extension":[{"url":"http://hl7.org/fhir/StructureDefinition/capabilitystatement-expectation","valueCode":"SHALL"}],"name":"owned=by","definition":"https://hl7.org/fhir/us/directory-exchange/SearchParameter-Restriction-owned-by","type":"token"},{"extension":[{"url":"http://hl7.org/fhir/StructureDefinition/capabilitystatement-expectation","valueCode":"SHALL"}],"name":"administrated-by","definition":"https://hl7.org/fhir/us/directory-exchange/SearchParameter-Restriction-administrated-by","type":"token"}]},{"type":"VerificationResult","supportedProfile":["http://hl7.org/fhir/us/directory-exchange/StructureDefinition/NatlDirEx-Validation"],"_supportedProfile":[{"extension":[{"url":"http://hl7.org/fhir/StructureDefinition/capabilitystatement-expectation","valueCode":"SHALL"}]}],"searchParam":[{"extension":[{"url":"http://hl7.org/fhir/StructureDefinition/capabilitystatement-expectation","valueCode":"SHALL"}],"name":"attestation-who","definition":"https://hl7.org/fhir/us/directory-exchange/SearchParameter-Validation-attestation-who","type":"token"},{"extension":[{"url":"http://hl7.org/fhir/StructureDefinition/capabilitystatement-expectation","valueCode":"SHALL"}],"name":"primarysource-who","definition":"https://hl7.org/fhir/us/directory-exchange/SearchParameter-Validation-primarysource-who","type":"token"},{"extension":[{"url":"http://hl7.org/fhir/StructureDefinition/capabilitystatement-expectation","valueCode":"SHALL"}],"name":"target","definition":"https://hl7.org/fhir/us/directory-exchange/SearchParameter-Validation-target","type":"token"}]},{"type":"CareTeam","supportedProfile":["http://hl7.org/fhir/us/directory-exchange/StructureDefinition/NatlDirEx-CareTeam"],"_supportedProfile":[{"extension":[{"url":"http://hl7.org/fhir/StructureDefinition/capabilitystatement-expectation","valueCode":"SHOULD"}]}],"searchParam":[{"extension":[{"url":"http://hl7.org/fhir/StructureDefinition/capabilitystatement-expectation","valueCode":"SHALL"}],"name":"endpoint","definition":"https://hl7.org/fhir/us/directory-exchange/SearchParameter-CareTeam-Endpoint","type":"token"},{"extension":[{"url":"http://hl7.org/fhir/StructureDefinition/capabilitystatement-expectation","valueCode":"SHALL"}],"name":"location","definition":"https://hl7.org/fhir/us/directory-exchange/SearchParameter-CareTeam-location","type":"token"},{"extension":[{"url":"http://hl7.org/fhir/StructureDefinition/capabilitystatement-expectation","valueCode":"SHALL"}],"name":"name","definition":"https://hl7.org/fhir/us/directory-exchange/SearchParameter-CareTeam-name","type":"token"},{"extension":[{"url":"http://hl7.org/fhir/StructureDefinition/capabilitystatement-expectation","valueCode":"SHALL"}],"name":"organization","definition":"https://hl7.org/fhir/us/directory-exchange/SearchParameter-CareTeam-organization","type":"token"},{"extension":[{"url":"http://hl7.org/fhir/StructureDefinition/capabilitystatement-expectation","valueCode":"SHALL"}],"name":"service","definition":"https://hl7.org/fhir/us/directory-exchange/SearchParameter-CareTeam-service","type":"token"},{"extension":[{"url":"http://hl7.org/fhir/StructureDefinition/capabilitystatement-expectation","valueCode":"SHALL"}],"name":"category","definition":"https://hl7.org/fhir/us/directory-exchange/SearchParameter-CareTeam-category","type":"token"}]}]}]}