{"resourceType":"SearchParameter","id":"verificationresult-status-date","url":"http://hl7.org/fhir/uv/vhdir/SearchParameter/verificationresult-status-date","version":"0.0.1","name":"VhDir_sp_verificationresult_status_date","status":"draft","date":"2018-05-23","publisher":"HL7 Patient Administration Working Group","contact":[{"name":"HL7 Patient Administration Working Group","telecom":[{"system":"url","value":"https://www.hl7.org/Special/committees/pafm/index.cfm"},{"system":"email","value":"pafm@lists.HL7.org"}]}],"description":"Select validation information with a validation status that occurred at the specified date/time","jurisdiction":[{"coding":[{"system":"urn:iso:std:iso:3166","code":"US"}]}],"code":"status-date","base":["VerificationResult"],"type":"date","expression":"VerificationResult.statusDate","multipleOr":true,"multipleAnd":true,"comparator":["eq","gt","lt","ge","le","sa","eb"]}