{"resourceType":"SearchParameter","id":"Endpoint-organization","url":"https://build.fhir.org/ig/HL7/fhir-directory-exchange/SearchParameter-endpoint-organization.html","version":"1.0.0","name":"NatDirExNatlDirEndpointQryOrganization","status":"active","date":"2022-08-01T16:22:39-04:00","publisher":"HL7 Patient Administration Working Group","contact":[{"name":"HL7 Patient Administration Working Group","telecom":[{"system":"url","value":"https://www.hl7.org/Special/committees/pafm/index.cfm"},{"system":"email","value":"pafm@lists.HL7.org"}]}],"description":"Accesses the  organization of an Endpoint","jurisdiction":[{"coding":[{"system":"urn:iso:std:iso:3166","code":"US"}]}],"code":"organization","base":["Endpoint"],"type":"token","expression":"Endpoint.organization","multipleOr":true,"multipleAnd":true}