{"resourceType":"SearchParameter","id":"careteam-organization","url":"http://hl7.org/fhir/uv/vhdir/SearchParameter/careteam-organization","version":"0.0.1","name":"VhDir_sp_careteam_organization","status":"draft","date":"2018-05-23","publisher":"HL7 Patient Administration Working Group","contact":[{"name":"HL7 Patient Administration Working Group","telecom":[{"system":"url","value":"https://www.hl7.org/Special/committees/pafm/index.cfm"},{"system":"email","value":"pafm@lists.HL7.org"}]}],"description":"Select care teams managed by the specified organization","jurisdiction":[{"coding":[{"system":"urn:iso:std:iso:3166","code":"US"}]}],"code":"organization","base":["CareTeam"],"type":"reference","expression":"CareTeam.managingOrganization","target":["Organization"],"multipleOr":true,"multipleAnd":true,"modifier":["above","below"],"chain":["identifier","name","address","partof","type"]}