{"resourceType":"SearchParameter","id":"practitioner-qualification-code","url":"https://build.fhir.org/ig/HL7/directory-exchange/SearchParameter-practitioner-qualification-code.html","version":"1.0.0-ballot","name":"NatDirExpractitionerQualificationCodeSearchParameter","derivedFrom":"http://hl7.org/fhir/SearchParameter/Resource-id","status":"active","date":"2022-08-05T12:05:17-04:00","publisher":"HL7 Patient Administration Working Group","contact":[{"name":"HL7 Patient Administration Working Group","telecom":[{"system":"url","value":"https://www.hl7.org/Special/committees/pafm"},{"system":"email","value":"pafm@lists.HL7.org"}]}],"description":"This SearchParameter enables query of practitioner by `qualification-code` with `mutlipleOr` enabled.","jurisdiction":[{"coding":[{"system":"urn:iso:std:iso:3166","code":"US"}]}],"code":"qualification-code","base":["Practitioner"],"type":"token","multipleOr":true}