{"resourceType":"SearchParameter","id":"careTeam-location","url":"https://build.fhir.org/ig/HL7/fhir-directory-exchange/SearchParameter-careteam-location.html","version":"0.0.1","name":"careTeamLocationSearchParameter","derivedFrom":"http://hl7.org/fhir/SearchParameter/Resource-id","status":"active","date":"2022-06-17T09:52:28-04:00","publisher":"HL7 Patient Administration Working Group","contact":[{"name":"HL7 Patient Administration Working Group","telecom":[{"system":"url","value":"https://www.hl7.org/Special/committees/pafm/index.cfm"},{"system":"email","value":"pafm@lists.HL7.org"}]}],"description":"This SearchParameter enables query of Careteams by `location` with `mutlipleOr` enabled.","jurisdiction":[{"coding":[{"system":"urn:iso:std:iso:3166","code":"US"}]}],"code":"location","base":["CareTeam"],"type":"token","multipleOr":true}