{"resourceType":"SearchParameter","id":"practitioner-identifier","url":"https://build.fhir.org/ig/HL7/fhir-directory-exchange/SearchParameter-practitioner-identifier.html","version":"1.0.0-ballot","name":"NatDirExpractitionerIdentifierSearchParameter","derivedFrom":"http://hl7.org/fhir/SearchParameter/Resource-id","status":"active","date":"2022-08-04T11:49:08-04:00","publisher":"HL7 Patient Administration Working Group","contact":[{"name":"HL7 Patient Administration Working Group","telecom":[{"system":"url","value":"https://www.hl7.org/Special/committees/pafm"},{"system":"email","value":"pafm@lists.HL7.org"}]}],"description":"This SearchParameter enables query of practitioner by `identifier` with `mutlipleOr` enabled.","jurisdiction":[{"coding":[{"system":"urn:iso:std:iso:3166","code":"US"}]}],"code":"identifier","base":["Practitioner"],"type":"token","multipleOr":true}