{"resourceType":"SearchParameter","id":"HealthcareService-service-category","url":"https://build.fhir.org/ig/HL7/fhir-directory-exchange/SearchParameter-HealthcareService-service-category.html","version":"1.0.0-ballot1","name":"NatDirExHealthcareServiceCategorySearchParameter","derivedFrom":"http://hl7.org/fhir/SearchParameter/Resource-id","status":"active","date":"2022-07-25T13:43:16-05:00","publisher":"HL7 Patient Administration Working Group","contact":[{"name":"HL7 Patient Administration Working Group","telecom":[{"system":"url","value":"https://www.hl7.org/Special/committees/pafm/index.cfm"},{"system":"email","value":"pafm@lists.HL7.org"}]}],"description":"This SearchParameter enables query of HealthcareService by `service-category` with `mutlipleOr` enabled.","jurisdiction":[{"coding":[{"system":"urn:iso:std:iso:3166","code":"US"}]}],"code":"category","base":["HealthcareService"],"type":"token","multipleOr":true}