{"resourceType":"SearchParameter","id":"practitionerRole-service","url":"https://build.fhir.org/ig/HL7/fhir-directory-exchange/SearchParameter-practitionerRole-service.html","version":"1.0.0-ballot","name":"NatDirExpractitionerRoleServiceSearchParameter","derivedFrom":"http://hl7.org/fhir/SearchParameter/Resource-id","status":"active","date":"2022-08-03T17:01:06-04:00","publisher":"HL7 Patient Administration Working Group","contact":[{"name":"HL7 Patient Administration Working Group","telecom":[{"system":"url","value":"https://www.hl7.org/Special/committees/pafm"},{"system":"email","value":"pafm@lists.HL7.org"}]}],"description":"This SearchParameter enables query of practitionerRole by `service` with `mutlipleOr` enabled.","jurisdiction":[{"coding":[{"system":"urn:iso:std:iso:3166","code":"US"}]}],"code":"service","base":["PractitionerRole"],"type":"token","multipleOr":true}