{"resourceType":"SearchParameter","id":"insuranceplan-specific-cost-cost-type","url":"http://hl7.org/fhir/uv/vhdir/SearchParameter/insuranceplan-specific-cost-cost-type","version":"0.0.1","name":"VhDir_sp_insuranceplan_specific_cost_cost_type","status":"draft","date":"2018-05-23","publisher":"HL7 Patient Administration Working Group","contact":[{"name":"HL7 Patient Administration Working Group","telecom":[{"system":"url","value":"https://www.hl7.org/Special/committees/pafm/index.cfm"},{"system":"email","value":"pafm@lists.HL7.org"}]}],"description":"Select plans which include the specified type of cost","jurisdiction":[{"coding":[{"system":"urn:iso:std:iso:3166","code":"US"}]}],"code":"specific-cost-cost-type","base":["InsurancePlan"],"type":"token","expression":"InsurancePlan.plan.specificCost.benefit.cost.type","multipleOr":true,"multipleAnd":true,"modifier":["text"]}