{"resourceType":"SearchParameter","id":"Endpoint-usecase-standard","url":"https://build.fhir.org/ig/HL7/fhir-directory-exchange/SearchParameter-endpoint-usecase-standard.html","version":"1.0.0","name":"NatDirExNatlDirEndpointQryUsecaseStandard","status":"active","date":"2022-08-03T13:02:02-04:00","publisher":"HL7 Patient Administration Working Group","contact":[{"name":"HL7 Patient Administration Working Group","telecom":[{"system":"url","value":"https://www.hl7.org/Special/committees/pafm"},{"system":"email","value":"pafm@lists.HL7.org"}]}],"description":"Accesses the usecase-standard of an Endpoint","jurisdiction":[{"coding":[{"system":"urn:iso:std:iso:3166","code":"US"}]}],"code":"usecase-standard","base":["Endpoint"],"type":"token","expression":"Endpoint.usecase-standard","multipleOr":true,"multipleAnd":true}