{"resourceType":"SearchParameter","id":"practitionerrole-qualification-issuer","url":"http://hl7.org/fhir/uv/vhdir/SearchParameter/practitionerrole-qualification-issuer","version":"0.0.1","name":"VhDir_sp_practitionerrole_qualification_issuer","status":"draft","date":"2018-05-23","publisher":"HL7 Patient Administration Working Group","contact":[{"name":"HL7 Patient Administration Working Group","telecom":[{"system":"url","value":"https://www.hl7.org/Special/committees/pafm/index.cfm"},{"system":"email","value":"pafm@lists.HL7.org"}]}],"description":"Select PractitionerRoles with a qualification issued by the specified organization","jurisdiction":[{"coding":[{"system":"urn:iso:std:iso:3166","code":"US"}]}],"code":"qualification-issuer","base":["PractitionerRole"],"type":"reference","expression":"PractitionerRole.extension('http://hl7.org/fhir/uv/vhdir/StructureDefinition/qualification').extension('issuer')","target":["Organization"],"multipleOr":true,"multipleAnd":true,"modifier":["below"],"chain":["identifier","name"]}