{"resourceType":"SearchParameter","id":"Endpoint-status","url":"https://build.fhir.org/ig/HL7/directory-exchange/SearchParameter-endpoint-status.html","version":"1.0.0-ballot","name":"NatDirExNatlDirEndpointQryStatus","status":"active","date":"2022-08-05T12:05:17-04:00","publisher":"HL7 Patient Administration Working Group","contact":[{"name":"HL7 Patient Administration Working Group","telecom":[{"system":"url","value":"https://www.hl7.org/Special/committees/pafm"},{"system":"email","value":"pafm@lists.HL7.org"}]}],"description":"Accesses the status of an Endpoint","jurisdiction":[{"coding":[{"system":"urn:iso:std:iso:3166","code":"US"}]}],"code":"status","base":["Endpoint"],"type":"token","expression":"Endpoint.status","multipleOr":true,"multipleAnd":true}