{"resourceType":"SearchParameter","id":"OrganizationAffiliation-participating-organization","url":"https://build.fhir.org/ig/HL7/fhir-directory-exchange/SearchParameter-OrganizationAffiliation-participating-organization.html","version":"1.0.0","name":"NatDirExOrganizationAffiliationParticipatingOrganizationfSearchParameter","derivedFrom":"http://hl7.org/fhir/SearchParameter/Resource-id","status":"active","date":"2022-08-01T16:22:39-04:00","publisher":"HL7 Patient Administration Working Group","contact":[{"name":"HL7 Patient Administration Working Group","telecom":[{"system":"url","value":"https://www.hl7.org/Special/committees/pafm/index.cfm"},{"system":"email","value":"pafm@lists.HL7.org"}]}],"description":"This SearchParameter enables query of Organization by `participating-organization` with `mutlipleOr` enabled.","jurisdiction":[{"coding":[{"system":"urn:iso:std:iso:3166","code":"US"}]}],"code":"participating-organization","base":["OrganizationAffiliation"],"type":"token","multipleOr":true}