{"resourceType":"SearchParameter","id":"Organization-name","url":"https://build.fhir.org/ig/HL7/fhir-directory-exchange/SearchParameter-Organization-name.html","version":"1.0.0-ballot1","name":"NatDirExOrganizationNameSearchParameter","derivedFrom":"http://hl7.org/fhir/SearchParameter/Resource-id","status":"active","date":"2022-07-25T13:43:16-05:00","publisher":"HL7 Patient Administration Working Group","contact":[{"name":"HL7 Patient Administration Working Group","telecom":[{"system":"url","value":"https://www.hl7.org/Special/committees/pafm/index.cfm"},{"system":"email","value":"pafm@lists.HL7.org"}]}],"description":"This SearchParameter enables query of Organization by `name` with `mutlipleOr` enabled.","jurisdiction":[{"coding":[{"system":"urn:iso:std:iso:3166","code":"US"}]}],"code":"name","base":["Organization"],"type":"token","multipleOr":true}