{"resourceType":"ValueSet","id":"ConsentVS","text":{"status":"generated","div":"<div xmlns=\"http://www.w3.org/1999/xhtml\"><p>This value set includes codes based on the following rules:</p><ul><li>Include all codes defined in <a href=\"CodeSystem-ConsentCS.html\"><code>http://hl7.org/fhir/us/fhir-directory-exchange/CodeSystem/ConsentCS</code></a></li><li>Include all codes defined in <a href=\"CodeSystem-ConsentScopeCS.html\"><code>http://hl7.org/fhir/us/fhir-directory-exchange/CodeSystem/ConsentScopeCS</code></a></li></ul></div>"},"url":"http://hl7.org/fhir/us/fhir-directory-exchange/ValueSet/ConsentVS","version":"0.0.1","name":"ConsentVS","title":"National Directory Consent Value Set","status":"active","date":"2022-01-07T13:26:31-05:00","publisher":"HL7 Patient Administration Working Group","contact":[{"name":"HL7 Patient Administration Working Group","telecom":[{"system":"url","value":"https://www.hl7.org/Special/committees/pafm/index.cfm"},{"system":"email","value":"pafm@lists.HL7.org"}]}],"description":"\t\r\nCodes for use in defining access levels for sharing subsets of constrained content (as an example).","jurisdiction":[{"coding":[{"system":"urn:iso:std:iso:3166","code":"US"}]}],"compose":{"include":[{"system":"http://hl7.org/fhir/us/fhir-directory-exchange/CodeSystem/ConsentCS"},{"system":"http://hl7.org/fhir/us/fhir-directory-exchange/CodeSystem/ConsentScopeCS"}]}}