{
  "resourceType": "ImplementationGuide",
  "id": "hl7.fhir.us.directory-exchange",
  "text": {
    "status": "extensions",
    "div": "<div xmlns=\"http://www.w3.org/1999/xhtml\"><h2>NationalHealthcareDirectoryExchange</h2><p>The official URL for this implementation guide is: </p><pre>http://hl7.org/fhir/us/directory-exchange/ImplementationGuide/hl7.fhir.us.directory-exchange</pre><div><p>National Directory</p>\n</div></div>"
  },
  "url": "http://hl7.org/fhir/us/directory-exchange/ImplementationGuide/hl7.fhir.us.directory-exchange",
  "version": "1.0.0-ballot",
  "name": "NationalHealthcareDirectoryExchange",
  "title": "National Healthcare Directory Exchange",
  "status": "active",
  "date": "2022-08-05T12:05:17-04:00",
  "publisher": "HL7 Patient Administration Working Group",
  "contact": [
    {
      "name": "HL7 Patient Administration Working Group",
      "telecom": [
        {
          "system": "url",
          "value": "https://www.hl7.org/Special/committees/pafm"
        },
        {
          "system": "email",
          "value": "pafm@lists.HL7.org"
        }
      ]
    }
  ],
  "description": "National Directory",
  "jurisdiction": [
    {
      "coding": [
        {
          "system": "urn:iso:std:iso:3166",
          "code": "US"
        }
      ]
    }
  ],
  "packageId": "hl7.fhir.us.directory-exchange",
  "license": "CC0-1.0",
  "fhirVersion": [
    "4.0.1"
  ],
  "dependsOn": [
    {
      "id": "hl7tx",
      "uri": "http://terminology.hl7.org/ImplementationGuide/hl7.terminology",
      "packageId": "hl7.terminology.r4",
      "version": "3.1.0"
    },
    {
      "id": "hl7_fhir_us_core",
      "uri": "http://hl7.org/fhir/us/core/ImplementationGuide/hl7.fhir.us.core",
      "packageId": "hl7.fhir.us.core",
      "version": "4.0.0"
    },
    {
      "id": "ONCFASTNationalDirectoryEndpointQuery",
      "uri": "http://hl7.org/fhir/us/directory-query/ImplementationGuide/hl7.fhir.us.directory-query",
      "packageId": "hl7.fhir.us.directory-query",
      "version": "current"
    }
  ],
  "definition": {
    "extension": [
      {
        "extension": [
          {
            "url": "code",
            "valueString": "copyrightyear"
          },
          {
            "url": "value",
            "valueString": "2021+"
          }
        ],
        "url": "http://hl7.org/fhir/tools/StructureDefinition/ig-parameter"
      },
      {
        "extension": [
          {
            "url": "code",
            "valueString": "releaselabel"
          },
          {
            "url": "value",
            "valueString": "ballot"
          }
        ],
        "url": "http://hl7.org/fhir/tools/StructureDefinition/ig-parameter"
      },
      {
        "extension": [
          {
            "url": "code",
            "valueString": "show-inherited-invariants"
          },
          {
            "url": "value",
            "valueString": "false"
          }
        ],
        "url": "http://hl7.org/fhir/tools/StructureDefinition/ig-parameter"
      },
      {
        "extension": [
          {
            "url": "code",
            "valueString": "version-comparison"
          },
          {
            "url": "value",
            "valueString": "n/a"
          }
        ],
        "url": "http://hl7.org/fhir/tools/StructureDefinition/ig-parameter"
      },
      {
        "extension": [
          {
            "url": "code",
            "valueString": "path-expansion-params"
          },
          {
            "url": "value",
            "valueString": "../../exp-params.json"
          }
        ],
        "url": "http://hl7.org/fhir/tools/StructureDefinition/ig-parameter"
      },
      {
        "extension": [
          {
            "url": "code",
            "valueString": "path-history"
          },
          {
            "url": "value",
            "valueString": "http://hl7.org/fhir/us/directory-exchange/history.html"
          }
        ],
        "url": "http://hl7.org/fhir/tools/StructureDefinition/ig-parameter"
      },
      {
        "extension": [
          {
            "url": "code",
            "valueString": "path-liquid"
          },
          {
            "url": "value",
            "valueString": "template/liquid"
          }
        ],
        "url": "http://hl7.org/fhir/tools/StructureDefinition/ig-parameter"
      },
      {
        "extension": [
          {
            "url": "code",
            "valueString": "path-liquid"
          },
          {
            "url": "value",
            "valueString": "input/liquid"
          }
        ],
        "url": "http://hl7.org/fhir/tools/StructureDefinition/ig-parameter"
      },
      {
        "extension": [
          {
            "url": "code",
            "valueString": "path-qa"
          },
          {
            "url": "value",
            "valueString": "temp/qa"
          }
        ],
        "url": "http://hl7.org/fhir/tools/StructureDefinition/ig-parameter"
      },
      {
        "extension": [
          {
            "url": "code",
            "valueString": "path-temp"
          },
          {
            "url": "value",
            "valueString": "temp/pages"
          }
        ],
        "url": "http://hl7.org/fhir/tools/StructureDefinition/ig-parameter"
      },
      {
        "extension": [
          {
            "url": "code",
            "valueString": "path-output"
          },
          {
            "url": "value",
            "valueString": "output"
          }
        ],
        "url": "http://hl7.org/fhir/tools/StructureDefinition/ig-parameter"
      },
      {
        "extension": [
          {
            "url": "code",
            "valueString": "path-suppressed-warnings"
          },
          {
            "url": "value",
            "valueString": "input/ignoreWarnings.txt"
          }
        ],
        "url": "http://hl7.org/fhir/tools/StructureDefinition/ig-parameter"
      },
      {
        "extension": [
          {
            "url": "code",
            "valueString": "template-html"
          },
          {
            "url": "value",
            "valueString": "template-page.html"
          }
        ],
        "url": "http://hl7.org/fhir/tools/StructureDefinition/ig-parameter"
      },
      {
        "extension": [
          {
            "url": "code",
            "valueString": "template-md"
          },
          {
            "url": "value",
            "valueString": "template-page-md.html"
          }
        ],
        "url": "http://hl7.org/fhir/tools/StructureDefinition/ig-parameter"
      },
      {
        "extension": [
          {
            "url": "code",
            "valueString": "apply-contact"
          },
          {
            "url": "value",
            "valueString": "true"
          }
        ],
        "url": "http://hl7.org/fhir/tools/StructureDefinition/ig-parameter"
      },
      {
        "extension": [
          {
            "url": "code",
            "valueString": "apply-context"
          },
          {
            "url": "value",
            "valueString": "true"
          }
        ],
        "url": "http://hl7.org/fhir/tools/StructureDefinition/ig-parameter"
      },
      {
        "extension": [
          {
            "url": "code",
            "valueString": "apply-copyright"
          },
          {
            "url": "value",
            "valueString": "true"
          }
        ],
        "url": "http://hl7.org/fhir/tools/StructureDefinition/ig-parameter"
      },
      {
        "extension": [
          {
            "url": "code",
            "valueString": "apply-jurisdiction"
          },
          {
            "url": "value",
            "valueString": "true"
          }
        ],
        "url": "http://hl7.org/fhir/tools/StructureDefinition/ig-parameter"
      },
      {
        "extension": [
          {
            "url": "code",
            "valueString": "apply-license"
          },
          {
            "url": "value",
            "valueString": "true"
          }
        ],
        "url": "http://hl7.org/fhir/tools/StructureDefinition/ig-parameter"
      },
      {
        "extension": [
          {
            "url": "code",
            "valueString": "apply-publisher"
          },
          {
            "url": "value",
            "valueString": "true"
          }
        ],
        "url": "http://hl7.org/fhir/tools/StructureDefinition/ig-parameter"
      },
      {
        "extension": [
          {
            "url": "code",
            "valueString": "apply-version"
          },
          {
            "url": "value",
            "valueString": "true"
          }
        ],
        "url": "http://hl7.org/fhir/tools/StructureDefinition/ig-parameter"
      },
      {
        "extension": [
          {
            "url": "code",
            "valueString": "active-tables"
          },
          {
            "url": "value",
            "valueString": "true"
          }
        ],
        "url": "http://hl7.org/fhir/tools/StructureDefinition/ig-parameter"
      },
      {
        "extension": [
          {
            "url": "code",
            "valueString": "fmm-definition"
          },
          {
            "url": "value",
            "valueString": "http://hl7.org/fhir/versions.html#maturity"
          }
        ],
        "url": "http://hl7.org/fhir/tools/StructureDefinition/ig-parameter"
      },
      {
        "extension": [
          {
            "url": "code",
            "valueString": "propagate-status"
          },
          {
            "url": "value",
            "valueString": "true"
          }
        ],
        "url": "http://hl7.org/fhir/tools/StructureDefinition/ig-parameter"
      },
      {
        "extension": [
          {
            "url": "code",
            "valueString": "excludelogbinaryformat"
          },
          {
            "url": "value",
            "valueString": "true"
          }
        ],
        "url": "http://hl7.org/fhir/tools/StructureDefinition/ig-parameter"
      }
    ],
    "resource": [
      {
        "extension": [
          {
            "url": "http://hl7.org/fhir/tools/StructureDefinition/resource-information",
            "valueString": "StructureDefinition:resource"
          }
        ],
        "reference": {
          "reference": "StructureDefinition/NatlDirEx-CareTeam"
        },
        "name": "National Directory Care Team",
        "description": "Defines the basic constraints and extensions on the CareTeam resource for use in a Validated Healthcare Directory",
        "exampleBoolean": false
      },
      {
        "extension": [
          {
            "url": "http://hl7.org/fhir/tools/StructureDefinition/resource-information",
            "valueString": "StructureDefinition:resource"
          }
        ],
        "reference": {
          "reference": "StructureDefinition/NatlDirEx-Endpoint"
        },
        "name": "National Directory Endpoint",
        "description": "The technical details of an endpoint that can be used for electronic services, such as a portal or FHIR REST services, messaging or operations, or DIRECT messaging.",
        "exampleBoolean": false
      },
      {
        "extension": [
          {
            "url": "http://hl7.org/fhir/tools/StructureDefinition/resource-information",
            "valueString": "StructureDefinition:resource"
          }
        ],
        "reference": {
          "reference": "StructureDefinition/NatlDirEx-HealthcareService"
        },
        "name": "National Directory HealthcareService",
        "description": "The HealthCareService resource typically describes services offered by an organization/practitioner at a location. The resource may be used to encompass a variety of services covering the entire healthcare spectrum, including promotion, prevention, diagnostics, pharmacy, hospital and ambulatory care, home care, long-term care, and other health-related and community services.",
        "exampleBoolean": false
      },
      {
        "extension": [
          {
            "url": "http://hl7.org/fhir/tools/StructureDefinition/resource-information",
            "valueString": "StructureDefinition:resource"
          }
        ],
        "reference": {
          "reference": "StructureDefinition/NatlDirEx-InsurancePlan"
        },
        "name": "National Directory InsurancePlan",
        "description": "An InsurancePlan is a discrete package of health insurance coverage benefits that are offered under a particular network type. A given payer’s products typically differ by network type and/or covered benefits. A plan pairs a product’s covered benefits with the particular cost sharing structure offered to a consumer. A given product may comprise multiple plans (i.e. each plan offers different cost sharing requirements for the same set of covered benefits).",
        "exampleBoolean": false
      },
      {
        "extension": [
          {
            "url": "http://hl7.org/fhir/tools/StructureDefinition/resource-information",
            "valueString": "StructureDefinition:resource"
          }
        ],
        "reference": {
          "reference": "StructureDefinition/NatlDirEx-Location"
        },
        "name": "National Directory Location",
        "description": "A Location is the physical place where healthcare services are provided, practitioners are employed, \r\n                 organizations are based, etc. Locations can range in scope from a room in a building to a geographic region/area.",
        "exampleBoolean": false
      },
      {
        "extension": [
          {
            "url": "http://hl7.org/fhir/tools/StructureDefinition/resource-information",
            "valueString": "StructureDefinition:resource"
          }
        ],
        "reference": {
          "reference": "StructureDefinition/NatlDirEx-Network"
        },
        "name": "National Directory Network",
        "description": "A Network refers to a healthcare provider insurance network. A healthcare provider insurance network is an aggregation of organizations and individuals that deliver a set of services across a geography through health insurance products/plans. A network is typically owned by a payer.",
        "exampleBoolean": false
      },
      {
        "extension": [
          {
            "url": "http://hl7.org/fhir/tools/StructureDefinition/resource-information",
            "valueString": "StructureDefinition:resource"
          }
        ],
        "reference": {
          "reference": "StructureDefinition/NatlDirEx-Organization"
        },
        "name": "National Directory Organization",
        "description": "An organization is a formal or informal grouping of people or organizations with a common purpose, such as a company, institution, corporation, community group, or healthcare practice.\r\nGuidance:   When the contact is a department name, rather than a human (e.g., patient help line), include a blank family and given name, and provide the department name in contact.name.text",
        "exampleBoolean": false
      },
      {
        "extension": [
          {
            "url": "http://hl7.org/fhir/tools/StructureDefinition/resource-information",
            "valueString": "StructureDefinition:resource"
          }
        ],
        "reference": {
          "reference": "StructureDefinition/NatlDirEx-OrganizationAffiliation"
        },
        "name": "National Directory OrganizationAffiliation",
        "description": "The OrganizationAffiliation resource describes relationships between two or more organizations, including the services one organization provides another, the location(s) where they provide services, the availability of those services, electronic endpoints, and other relevant information.",
        "exampleBoolean": false
      },
      {
        "extension": [
          {
            "url": "http://hl7.org/fhir/tools/StructureDefinition/resource-information",
            "valueString": "StructureDefinition:resource"
          }
        ],
        "reference": {
          "reference": "StructureDefinition/NatlDirEx-Practitioner"
        },
        "name": "National Directory Practitioner",
        "description": "Practitioner is a person who is directly or indirectly involved in the provisioning of healthcare.",
        "exampleBoolean": false
      },
      {
        "extension": [
          {
            "url": "http://hl7.org/fhir/tools/StructureDefinition/resource-information",
            "valueString": "StructureDefinition:resource"
          }
        ],
        "reference": {
          "reference": "StructureDefinition/NatlDirEx-PractitionerRole"
        },
        "name": "National Directory PractitionerRole",
        "description": "PractionerRole describes details about a provider, which can be a practitioner or an organization. When the provider is a practitioner, \r\nthere may be a relationship to an organization. A provider renders services to patients at a location. When the provider is a practitioner, there may also \r\nbe a relationship to an organization. Practitioner participation in healthcare provider insurance networks may be direct or through their role at an organization.",
        "exampleBoolean": false
      },
      {
        "extension": [
          {
            "url": "http://hl7.org/fhir/tools/StructureDefinition/resource-information",
            "valueString": "StructureDefinition:resource"
          }
        ],
        "reference": {
          "reference": "StructureDefinition/NatlDirEx-Restriction"
        },
        "name": "National Directory Restriction",
        "description": "Restriction describes details about a...",
        "exampleBoolean": false
      },
      {
        "extension": [
          {
            "url": "http://hl7.org/fhir/tools/StructureDefinition/resource-information",
            "valueString": "StructureDefinition:resource"
          }
        ],
        "reference": {
          "reference": "StructureDefinition/NatlDirEx-Validation"
        },
        "name": "National Directory Validation",
        "description": "Validation describes details about...",
        "exampleBoolean": false
      },
      {
        "extension": [
          {
            "url": "http://hl7.org/fhir/tools/StructureDefinition/resource-information",
            "valueString": "Organization"
          }
        ],
        "reference": {
          "reference": "Organization/Acme"
        },
        "name": "Acme",
        "description": "Payer Organization",
        "exampleCanonical": "http://hl7.org/fhir/us/directory-exchange/StructureDefinition/NatlDirEx-Organization"
      },
      {
        "extension": [
          {
            "url": "http://hl7.org/fhir/tools/StructureDefinition/resource-information",
            "valueString": "Endpoint"
          }
        ],
        "reference": {
          "reference": "Endpoint/AcmeOfCTPortalEndpoint"
        },
        "name": "AcmeOfCTPortalEndpoint",
        "description": "Endpoint for Acme of CT Portal",
        "exampleCanonical": "http://hl7.org/fhir/us/directory-exchange/StructureDefinition/NatlDirEx-Endpoint"
      },
      {
        "extension": [
          {
            "url": "http://hl7.org/fhir/tools/StructureDefinition/resource-information",
            "valueString": "InsurancePlan"
          }
        ],
        "reference": {
          "reference": "InsurancePlan/AcmeQHPBronze"
        },
        "name": "AcmeQHPBronze",
        "description": "Acme of CT QHP Bronze Plan",
        "exampleCanonical": "http://hl7.org/fhir/us/directory-exchange/StructureDefinition/NatlDirEx-InsurancePlan"
      },
      {
        "extension": [
          {
            "url": "http://hl7.org/fhir/tools/StructureDefinition/resource-information",
            "valueString": "InsurancePlan"
          }
        ],
        "reference": {
          "reference": "InsurancePlan/AcmeQHPGold"
        },
        "name": "AcmeQHPGold",
        "description": "Acme of CT QHP Gold Plan",
        "exampleCanonical": "http://hl7.org/fhir/us/directory-exchange/StructureDefinition/NatlDirEx-InsurancePlan"
      },
      {
        "extension": [
          {
            "url": "http://hl7.org/fhir/tools/StructureDefinition/resource-information",
            "valueString": "Organization"
          }
        ],
        "reference": {
          "reference": "Organization/AcmeofCTPremNet"
        },
        "name": "AcmeofCTPremNet",
        "description": "Acme of CT Premium Premium Network",
        "exampleCanonical": "http://hl7.org/fhir/us/directory-exchange/StructureDefinition/NatlDirEx-Network"
      },
      {
        "extension": [
          {
            "url": "http://hl7.org/fhir/tools/StructureDefinition/resource-information",
            "valueString": "Organization"
          }
        ],
        "reference": {
          "reference": "Organization/AcmeofCTStdNet"
        },
        "name": "AcmeofCTStdNet",
        "description": "Acme of CT Standard Network",
        "exampleCanonical": "http://hl7.org/fhir/us/directory-exchange/StructureDefinition/NatlDirEx-Network"
      },
      {
        "extension": [
          {
            "url": "http://hl7.org/fhir/tools/StructureDefinition/resource-information",
            "valueString": "PractitionerRole"
          }
        ],
        "reference": {
          "reference": "PractitionerRole/AnonRole"
        },
        "name": "AnonRole",
        "description": "Practitioner role that doesn't refer to a specific practitioner",
        "exampleCanonical": "http://hl7.org/fhir/us/directory-exchange/StructureDefinition/NatlDirEx-PractitionerRole"
      },
      {
        "extension": [
          {
            "url": "http://hl7.org/fhir/tools/StructureDefinition/resource-information",
            "valueString": "Organization"
          }
        ],
        "reference": {
          "reference": "Organization/BigBox"
        },
        "name": "BigBox",
        "description": "Organization that Manages 2 of PharmChain's pharmacies",
        "exampleCanonical": "http://hl7.org/fhir/us/directory-exchange/StructureDefinition/NatlDirEx-Organization"
      },
      {
        "extension": [
          {
            "url": "http://hl7.org/fhir/tools/StructureDefinition/resource-information",
            "valueString": "Organization"
          }
        ],
        "reference": {
          "reference": "Organization/BurrClinic"
        },
        "name": "BurrClinic",
        "description": "Burr Clinic provides service to Hartford Hospital",
        "exampleCanonical": "http://hl7.org/fhir/us/directory-exchange/StructureDefinition/NatlDirEx-Organization"
      },
      {
        "extension": [
          {
            "url": "http://hl7.org/fhir/tools/StructureDefinition/resource-information",
            "valueString": "OrganizationAffiliation"
          }
        ],
        "reference": {
          "reference": "OrganizationAffiliation/BurrClinicAffil"
        },
        "name": "BurrClinicAffil",
        "description": "Burr Clinic's affiliation with Acme of CT Provider Network and Hartford General Hospital",
        "exampleCanonical": "http://hl7.org/fhir/us/directory-exchange/StructureDefinition/NatlDirEx-OrganizationAffiliation"
      },
      {
        "extension": [
          {
            "url": "http://hl7.org/fhir/tools/StructureDefinition/resource-information",
            "valueString": "HealthcareService"
          }
        ],
        "reference": {
          "reference": "HealthcareService/BurrClinicServices"
        },
        "name": "BurrClinicServices",
        "description": "Burr Clinic Services",
        "exampleCanonical": "http://hl7.org/fhir/us/directory-exchange/StructureDefinition/NatlDirEx-HealthcareService"
      },
      {
        "extension": [
          {
            "url": "http://hl7.org/fhir/tools/StructureDefinition/resource-information",
            "valueString": "Organization"
          }
        ],
        "reference": {
          "reference": "Organization/CancerClinic"
        },
        "name": "CancerClinic",
        "description": "HartfordCancerClinicLLC",
        "exampleCanonical": "http://hl7.org/fhir/us/directory-exchange/StructureDefinition/NatlDirEx-Organization"
      },
      {
        "extension": [
          {
            "url": "http://hl7.org/fhir/tools/StructureDefinition/resource-information",
            "valueString": "Location"
          }
        ],
        "reference": {
          "reference": "Location/CancerClinicLoc"
        },
        "name": "CancerClinicLoc",
        "description": "Location1 of Cancer Clinic",
        "exampleCanonical": "http://hl7.org/fhir/us/directory-exchange/StructureDefinition/NatlDirEx-Location"
      },
      {
        "extension": [
          {
            "url": "http://hl7.org/fhir/tools/StructureDefinition/resource-information",
            "valueString": "HealthcareService"
          }
        ],
        "reference": {
          "reference": "HealthcareService/CancerClinicService"
        },
        "name": "CancerClinicService",
        "description": "Cancer Clinic Services",
        "exampleCanonical": "http://hl7.org/fhir/us/directory-exchange/StructureDefinition/NatlDirEx-HealthcareService"
      },
      {
        "extension": [
          {
            "url": "http://hl7.org/fhir/tools/StructureDefinition/resource-information",
            "valueString": "CareTeam"
          }
        ],
        "reference": {
          "reference": "CareTeam/CareTeam1"
        },
        "name": "CareTeam1",
        "description": "Burr Clinic's Care Team",
        "exampleCanonical": "http://hl7.org/fhir/us/directory-exchange/StructureDefinition/NatlDirEx-CareTeam"
      },
      {
        "extension": [
          {
            "url": "http://hl7.org/fhir/tools/StructureDefinition/resource-information",
            "valueString": "Organization"
          }
        ],
        "reference": {
          "reference": "Organization/ConnHIE"
        },
        "name": "ConnHIE",
        "description": "Connecticut HIE",
        "exampleCanonical": "http://hl7.org/fhir/us/directory-exchange/StructureDefinition/NatlDirEx-Organization"
      },
      {
        "extension": [
          {
            "url": "http://hl7.org/fhir/tools/StructureDefinition/resource-information",
            "valueString": "OrganizationAffiliation"
          }
        ],
        "reference": {
          "reference": "OrganizationAffiliation/ConnHIEAffil"
        },
        "name": "ConnHIEAffil",
        "description": "Burr Clinic's affiliation with Conn HIE",
        "exampleCanonical": "http://hl7.org/fhir/us/directory-exchange/StructureDefinition/NatlDirEx-OrganizationAffiliation"
      },
      {
        "extension": [
          {
            "url": "http://hl7.org/fhir/tools/StructureDefinition/resource-information",
            "valueString": "Practitioner"
          }
        ],
        "reference": {
          "reference": "Practitioner/Counselor"
        },
        "name": "Counselor",
        "description": "Counselor Susie Smith",
        "exampleCanonical": "http://hl7.org/fhir/us/directory-exchange/StructureDefinition/NatlDirEx-Practitioner"
      },
      {
        "extension": [
          {
            "url": "http://hl7.org/fhir/tools/StructureDefinition/resource-information",
            "valueString": "PractitionerRole"
          }
        ],
        "reference": {
          "reference": "PractitionerRole/CounselorRole1"
        },
        "name": "CounselorRole1",
        "description": "Susie  Smith is a counselor via Telemedicine",
        "exampleCanonical": "http://hl7.org/fhir/us/directory-exchange/StructureDefinition/NatlDirEx-PractitionerRole"
      },
      {
        "extension": [
          {
            "url": "http://hl7.org/fhir/tools/StructureDefinition/resource-information",
            "valueString": "SearchParameter"
          }
        ],
        "reference": {
          "reference": "SearchParameter/Endpoint-connection-type"
        },
        "name": "Search by Connection Type in Endpoints",
        "description": "Accesses the  connection type of an Endpoint",
        "exampleBoolean": false
      },
      {
        "extension": [
          {
            "url": "http://hl7.org/fhir/tools/StructureDefinition/resource-information",
            "valueString": "SearchParameter"
          }
        ],
        "reference": {
          "reference": "SearchParameter/Endpoint-identifier"
        },
        "name": "Search by Indentifer in Endpoints",
        "description": "Accesses the  identifier of an Endpoint",
        "exampleBoolean": false
      },
      {
        "extension": [
          {
            "url": "http://hl7.org/fhir/tools/StructureDefinition/resource-information",
            "valueString": "SearchParameter"
          }
        ],
        "reference": {
          "reference": "SearchParameter/Endpoint-mime-type"
        },
        "name": "Search by mime-type in Endpoints",
        "description": "Accesses the  mime-type of an Endpoint",
        "exampleBoolean": false
      },
      {
        "extension": [
          {
            "url": "http://hl7.org/fhir/tools/StructureDefinition/resource-information",
            "valueString": "SearchParameter"
          }
        ],
        "reference": {
          "reference": "SearchParameter/Endpoint-organization"
        },
        "name": "Search by organization in Endpoints",
        "description": "Accesses the  organization of an Endpoint",
        "exampleBoolean": false
      },
      {
        "extension": [
          {
            "url": "http://hl7.org/fhir/tools/StructureDefinition/resource-information",
            "valueString": "SearchParameter"
          }
        ],
        "reference": {
          "reference": "SearchParameter/Endpoint-payload-type"
        },
        "name": "Search by payload-type in Endpoints",
        "description": "Accesses the  payload-type of an Endpoint",
        "exampleBoolean": false
      },
      {
        "extension": [
          {
            "url": "http://hl7.org/fhir/tools/StructureDefinition/resource-information",
            "valueString": "SearchParameter"
          }
        ],
        "reference": {
          "reference": "SearchParameter/Endpoint-status"
        },
        "name": "Search by status in Endpoints",
        "description": "Accesses the status of an Endpoint",
        "exampleBoolean": false
      },
      {
        "extension": [
          {
            "url": "http://hl7.org/fhir/tools/StructureDefinition/resource-information",
            "valueString": "SearchParameter"
          }
        ],
        "reference": {
          "reference": "SearchParameter/Endpoint-usecase-standard"
        },
        "name": "Search by usecase-standard in Endpoints",
        "description": "Accesses the usecase-standard of an Endpoint",
        "exampleBoolean": false
      },
      {
        "extension": [
          {
            "url": "http://hl7.org/fhir/tools/StructureDefinition/resource-information",
            "valueString": "SearchParameter"
          }
        ],
        "reference": {
          "reference": "SearchParameter/Endpoint-usecase-type"
        },
        "name": "Search by usecase-type in Endpoints",
        "description": "Accesses the  usecase-type of an Endpoint",
        "exampleBoolean": false
      },
      {
        "extension": [
          {
            "url": "http://hl7.org/fhir/tools/StructureDefinition/resource-information",
            "valueString": "Organization"
          }
        ],
        "reference": {
          "reference": "Organization/HamiltonClinic"
        },
        "name": "HamiltonClinic",
        "description": "Hamilton Clinic (a Division of Hartford Hospital)",
        "exampleCanonical": "http://hl7.org/fhir/us/directory-exchange/StructureDefinition/NatlDirEx-Organization"
      },
      {
        "extension": [
          {
            "url": "http://hl7.org/fhir/tools/StructureDefinition/resource-information",
            "valueString": "OrganizationAffiliation"
          }
        ],
        "reference": {
          "reference": "OrganizationAffiliation/HamiltonClinicAffil"
        },
        "name": "HamiltonClinicAffil",
        "description": "Hamilton Clinic's affiliation with Acme of CT Provider Network and Hartford General Hospital",
        "exampleCanonical": "http://hl7.org/fhir/us/directory-exchange/StructureDefinition/NatlDirEx-OrganizationAffiliation"
      },
      {
        "extension": [
          {
            "url": "http://hl7.org/fhir/tools/StructureDefinition/resource-information",
            "valueString": "HealthcareService"
          }
        ],
        "reference": {
          "reference": "HealthcareService/HamiltonClinicServices"
        },
        "name": "HamiltonClinicServices",
        "description": "Hamilton Clinic Services",
        "exampleCanonical": "http://hl7.org/fhir/us/directory-exchange/StructureDefinition/NatlDirEx-HealthcareService"
      },
      {
        "extension": [
          {
            "url": "http://hl7.org/fhir/tools/StructureDefinition/resource-information",
            "valueString": "Practitioner"
          }
        ],
        "reference": {
          "reference": "Practitioner/HansSolo"
        },
        "name": "HansSolo",
        "description": "Solo Practitioner Hans Solo",
        "exampleCanonical": "http://hl7.org/fhir/us/directory-exchange/StructureDefinition/NatlDirEx-Practitioner"
      },
      {
        "extension": [
          {
            "url": "http://hl7.org/fhir/tools/StructureDefinition/resource-information",
            "valueString": "Location"
          }
        ],
        "reference": {
          "reference": "Location/HansSoloClinic"
        },
        "name": "HansSoloClinic",
        "description": "Location of Hans Solo's clinic",
        "exampleCanonical": "http://hl7.org/fhir/us/directory-exchange/StructureDefinition/NatlDirEx-Location"
      },
      {
        "extension": [
          {
            "url": "http://hl7.org/fhir/tools/StructureDefinition/resource-information",
            "valueString": "PractitionerRole"
          }
        ],
        "reference": {
          "reference": "PractitionerRole/HansSoloRole1"
        },
        "name": "HansSoloRole1",
        "description": "Hans Solo is a solo practitioner",
        "exampleCanonical": "http://hl7.org/fhir/us/directory-exchange/StructureDefinition/NatlDirEx-PractitionerRole"
      },
      {
        "extension": [
          {
            "url": "http://hl7.org/fhir/tools/StructureDefinition/resource-information",
            "valueString": "HealthcareService"
          }
        ],
        "reference": {
          "reference": "HealthcareService/HansSoloService"
        },
        "name": "HansSoloService",
        "description": "Hans Solo Services",
        "exampleCanonical": "http://hl7.org/fhir/us/directory-exchange/StructureDefinition/NatlDirEx-HealthcareService"
      },
      {
        "extension": [
          {
            "url": "http://hl7.org/fhir/tools/StructureDefinition/resource-information",
            "valueString": "OrganizationAffiliation"
          }
        ],
        "reference": {
          "reference": "OrganizationAffiliation/HartfordOrthopedicAffil"
        },
        "name": "HartfordOrthopedicAffil",
        "description": "Hartford Orthopedic Services affiliation with Acme of CT Provider Network and Hartford General Hospital",
        "exampleCanonical": "http://hl7.org/fhir/us/directory-exchange/StructureDefinition/NatlDirEx-OrganizationAffiliation"
      },
      {
        "extension": [
          {
            "url": "http://hl7.org/fhir/tools/StructureDefinition/resource-information",
            "valueString": "HealthcareService"
          }
        ],
        "reference": {
          "reference": "HealthcareService/HartfordOrthopedicServices"
        },
        "name": "HartfordOrthopedicServices",
        "description": "Hartford Orthopedic Services",
        "exampleCanonical": "http://hl7.org/fhir/us/directory-exchange/StructureDefinition/NatlDirEx-HealthcareService"
      },
      {
        "extension": [
          {
            "url": "http://hl7.org/fhir/tools/StructureDefinition/resource-information",
            "valueString": "Organization"
          }
        ],
        "reference": {
          "reference": "Organization/HartfordOrthopedics"
        },
        "name": "HartfordOrthopedics",
        "description": "Hartford Orthpedic Services is a group providing Orthpods for Acme of CT at Hartford General Hospital",
        "exampleCanonical": "http://hl7.org/fhir/us/directory-exchange/StructureDefinition/NatlDirEx-Organization"
      },
      {
        "extension": [
          {
            "url": "http://hl7.org/fhir/tools/StructureDefinition/resource-information",
            "valueString": "SearchParameter"
          }
        ],
        "reference": {
          "reference": "SearchParameter/HealthcareService-coverage-area"
        },
        "name": "Search by coverage-area in HealthcareService with multipleOr",
        "description": "This SearchParameter enables query of HealthcareService by `coverage-area` with `mutlipleOr` enabled.",
        "exampleBoolean": false
      },
      {
        "extension": [
          {
            "url": "http://hl7.org/fhir/tools/StructureDefinition/resource-information",
            "valueString": "SearchParameter"
          }
        ],
        "reference": {
          "reference": "SearchParameter/HealthcareService-endpoint"
        },
        "name": "Search by endpoint in HealthcareService with multipleOr",
        "description": "This SearchParameter enables query of HealthcareService by `endpoint` with `mutlipleOr` enabled.",
        "exampleBoolean": false
      },
      {
        "extension": [
          {
            "url": "http://hl7.org/fhir/tools/StructureDefinition/resource-information",
            "valueString": "SearchParameter"
          }
        ],
        "reference": {
          "reference": "SearchParameter/HealthcareService-location"
        },
        "name": "Search by location in HealthcareService with multipleOr",
        "description": "This SearchParameter enables query of HealthcareService by `location` with `mutlipleOr` enabled.",
        "exampleBoolean": false
      },
      {
        "extension": [
          {
            "url": "http://hl7.org/fhir/tools/StructureDefinition/resource-information",
            "valueString": "SearchParameter"
          }
        ],
        "reference": {
          "reference": "SearchParameter/HealthcareService-name"
        },
        "name": "Search by name in HealthcareService with multipleOr",
        "description": "This SearchParameter enables query of HealthcareService by `name` with `mutlipleOr` enabled.",
        "exampleBoolean": false
      },
      {
        "extension": [
          {
            "url": "http://hl7.org/fhir/tools/StructureDefinition/resource-information",
            "valueString": "SearchParameter"
          }
        ],
        "reference": {
          "reference": "SearchParameter/HealthcareService-organization"
        },
        "name": "Search by organization in HealthcareService with multipleOr",
        "description": "This SearchParameter enables query of HealthcareService by `organization` with `mutlipleOr` enabled.",
        "exampleBoolean": false
      },
      {
        "extension": [
          {
            "url": "http://hl7.org/fhir/tools/StructureDefinition/resource-information",
            "valueString": "SearchParameter"
          }
        ],
        "reference": {
          "reference": "SearchParameter/HealthcareService-service-category"
        },
        "name": "Search by service-category in HealthcareService with multipleOr",
        "description": "This SearchParameter enables query of HealthcareService by `service-category` with `mutlipleOr` enabled.",
        "exampleBoolean": false
      },
      {
        "extension": [
          {
            "url": "http://hl7.org/fhir/tools/StructureDefinition/resource-information",
            "valueString": "SearchParameter"
          }
        ],
        "reference": {
          "reference": "SearchParameter/HealthcareService-service-type"
        },
        "name": "Search by service-type in HealthcareService with multipleOr",
        "description": "This SearchParameter enables query of HealthcareService by `service-type` with `mutlipleOr` enabled.",
        "exampleBoolean": false
      },
      {
        "extension": [
          {
            "url": "http://hl7.org/fhir/tools/StructureDefinition/resource-information",
            "valueString": "SearchParameter"
          }
        ],
        "reference": {
          "reference": "SearchParameter/HealthcareService-specialty"
        },
        "name": "Search by specialty in HealthcareService with multipleOr",
        "description": "This SearchParameter enables query of HealthcareService by `specialty` with `mutlipleOr` enabled.",
        "exampleBoolean": false
      },
      {
        "extension": [
          {
            "url": "http://hl7.org/fhir/tools/StructureDefinition/resource-information",
            "valueString": "HealthcareService"
          }
        ],
        "reference": {
          "reference": "HealthcareService/HospERService"
        },
        "name": "HospERService",
        "description": "Hartford General Hospital ER",
        "exampleCanonical": "http://hl7.org/fhir/us/directory-exchange/StructureDefinition/NatlDirEx-HealthcareService"
      },
      {
        "extension": [
          {
            "url": "http://hl7.org/fhir/tools/StructureDefinition/resource-information",
            "valueString": "Location"
          }
        ],
        "reference": {
          "reference": "Location/HospLoc1"
        },
        "name": "HospLoc1",
        "description": "Location1 of Hartford Hospital",
        "exampleCanonical": "http://hl7.org/fhir/us/directory-exchange/StructureDefinition/NatlDirEx-Location"
      },
      {
        "extension": [
          {
            "url": "http://hl7.org/fhir/tools/StructureDefinition/resource-information",
            "valueString": "Location"
          }
        ],
        "reference": {
          "reference": "Location/HospLoc2"
        },
        "name": "HospLoc2",
        "description": "Location2 of Hartford Hospital",
        "exampleCanonical": "http://hl7.org/fhir/us/directory-exchange/StructureDefinition/NatlDirEx-Location"
      },
      {
        "extension": [
          {
            "url": "http://hl7.org/fhir/tools/StructureDefinition/resource-information",
            "valueString": "Organization"
          }
        ],
        "reference": {
          "reference": "Organization/Hospital"
        },
        "name": "Hospital",
        "description": "Hartford General Hospital",
        "exampleCanonical": "http://hl7.org/fhir/us/directory-exchange/StructureDefinition/NatlDirEx-Organization"
      },
      {
        "extension": [
          {
            "url": "http://hl7.org/fhir/tools/StructureDefinition/resource-information",
            "valueString": "SearchParameter"
          }
        ],
        "reference": {
          "reference": "SearchParameter/InsurancePlan-administrated-by"
        },
        "name": "Search by administrated-by in InsurancePlan with multipleOr",
        "description": "This SearchParameter enables query of InsurancePlan by `administrated-by` with `mutlipleOr` enabled.",
        "exampleBoolean": false
      },
      {
        "extension": [
          {
            "url": "http://hl7.org/fhir/tools/StructureDefinition/resource-information",
            "valueString": "SearchParameter"
          }
        ],
        "reference": {
          "reference": "SearchParameter/InsurancePlan-coverage-area"
        },
        "name": "Search by coverage-area in InsurancePlan with multipleOr",
        "description": "This SearchParameter enables query of InsurancePlan by `coverage-area` with `mutlipleOr` enabled.",
        "exampleBoolean": false
      },
      {
        "extension": [
          {
            "url": "http://hl7.org/fhir/tools/StructureDefinition/resource-information",
            "valueString": "SearchParameter"
          }
        ],
        "reference": {
          "reference": "SearchParameter/InsurancePlan-coverage-benefit-type"
        },
        "name": "Search by coverage-benefit-type in InsurancePlan with multipleOr",
        "description": "This SearchParameter enables query of InsurancePlan by `coverage-benefit-type` with `mutlipleOr` enabled.",
        "exampleBoolean": false
      },
      {
        "extension": [
          {
            "url": "http://hl7.org/fhir/tools/StructureDefinition/resource-information",
            "valueString": "SearchParameter"
          }
        ],
        "reference": {
          "reference": "SearchParameter/InsurancePlan-coverage-network"
        },
        "name": "Search by coverage-network in InsurancePlan with multipleOr",
        "description": "This SearchParameter enables query of InsurancePlan by `coverage-network` with `mutlipleOr` enabled.",
        "exampleBoolean": false
      },
      {
        "extension": [
          {
            "url": "http://hl7.org/fhir/tools/StructureDefinition/resource-information",
            "valueString": "SearchParameter"
          }
        ],
        "reference": {
          "reference": "SearchParameter/InsurancePlan-identifier"
        },
        "name": "Search by identifier in InsurancePlan with multipleOr",
        "description": "This SearchParameter enables query of InsurancePlan by `identifier` with `mutlipleOr` enabled.",
        "exampleBoolean": false
      },
      {
        "extension": [
          {
            "url": "http://hl7.org/fhir/tools/StructureDefinition/resource-information",
            "valueString": "SearchParameter"
          }
        ],
        "reference": {
          "reference": "SearchParameter/InsurancePlan-name"
        },
        "name": "Search by name in InsurancePlan with multipleOr",
        "description": "This SearchParameter enables query of InsurancePlan by `specialty` with `mutlipleOr` enabled.",
        "exampleBoolean": false
      },
      {
        "extension": [
          {
            "url": "http://hl7.org/fhir/tools/StructureDefinition/resource-information",
            "valueString": "SearchParameter"
          }
        ],
        "reference": {
          "reference": "SearchParameter/InsurancePlan-owned-by"
        },
        "name": "Search by owned-by in InsurancePlan with multipleOr",
        "description": "This SearchParameter enables query of InsurancePlan by `owned-by` with `mutlipleOr` enabled.",
        "exampleBoolean": false
      },
      {
        "extension": [
          {
            "url": "http://hl7.org/fhir/tools/StructureDefinition/resource-information",
            "valueString": "SearchParameter"
          }
        ],
        "reference": {
          "reference": "SearchParameter/InsurancePlan-type"
        },
        "name": "Search by type in InsurancePlan with multipleOr",
        "description": "This SearchParameter enables query of InsurancePlan by `type` with `mutlipleOr` enabled.",
        "exampleBoolean": false
      },
      {
        "extension": [
          {
            "url": "http://hl7.org/fhir/tools/StructureDefinition/resource-information",
            "valueString": "Practitioner"
          }
        ],
        "reference": {
          "reference": "Practitioner/JoeSmith"
        },
        "name": "JoeSmith",
        "description": "Practitioner Dr Joe Smith",
        "exampleCanonical": "http://hl7.org/fhir/us/directory-exchange/StructureDefinition/NatlDirEx-Practitioner"
      },
      {
        "extension": [
          {
            "url": "http://hl7.org/fhir/tools/StructureDefinition/resource-information",
            "valueString": "PractitionerRole"
          }
        ],
        "reference": {
          "reference": "PractitionerRole/JoeSmithRole1"
        },
        "name": "JoeSmithRole1",
        "description": "Dr Smith moonlighting as ER Doc at Hartford Hospital",
        "exampleCanonical": "http://hl7.org/fhir/us/directory-exchange/StructureDefinition/NatlDirEx-PractitionerRole"
      },
      {
        "extension": [
          {
            "url": "http://hl7.org/fhir/tools/StructureDefinition/resource-information",
            "valueString": "PractitionerRole"
          }
        ],
        "reference": {
          "reference": "PractitionerRole/JoeSmithRole2"
        },
        "name": "JoeSmithRole2",
        "description": "Dr Smith Internal Medicine at Burr Clinic",
        "exampleCanonical": "http://hl7.org/fhir/us/directory-exchange/StructureDefinition/NatlDirEx-PractitionerRole"
      },
      {
        "extension": [
          {
            "url": "http://hl7.org/fhir/tools/StructureDefinition/resource-information",
            "valueString": "PractitionerRole"
          }
        ],
        "reference": {
          "reference": "PractitionerRole/JoeSmithRole3"
        },
        "name": "JoeSmithRole3",
        "description": "Dr Smith Admitting Privileges at Hartford General",
        "exampleCanonical": "http://hl7.org/fhir/us/directory-exchange/StructureDefinition/NatlDirEx-PractitionerRole"
      },
      {
        "extension": [
          {
            "url": "http://hl7.org/fhir/tools/StructureDefinition/resource-information",
            "valueString": "SearchParameter"
          }
        ],
        "reference": {
          "reference": "SearchParameter/Location-address"
        },
        "name": "Search by address in Location with multipleOr",
        "description": "This SearchParameter enables query of Location by `address` with `mutlipleOr` enabled.",
        "exampleBoolean": false
      },
      {
        "extension": [
          {
            "url": "http://hl7.org/fhir/tools/StructureDefinition/resource-information",
            "valueString": "SearchParameter"
          }
        ],
        "reference": {
          "reference": "SearchParameter/Location-endpoint"
        },
        "name": "Search by endpoint in Location with multipleOr",
        "description": "This SearchParameter enables query of Location by `endpoint` with `mutlipleOr` enabled.",
        "exampleBoolean": false
      },
      {
        "extension": [
          {
            "url": "http://hl7.org/fhir/tools/StructureDefinition/resource-information",
            "valueString": "SearchParameter"
          }
        ],
        "reference": {
          "reference": "SearchParameter/Location-organization"
        },
        "name": "Search by organization in Location with multipleOr",
        "description": "This SearchParameter enables query of Location by `organization` with `mutlipleOr` enabled.",
        "exampleBoolean": false
      },
      {
        "extension": [
          {
            "url": "http://hl7.org/fhir/tools/StructureDefinition/resource-information",
            "valueString": "SearchParameter"
          }
        ],
        "reference": {
          "reference": "SearchParameter/Location-partOf"
        },
        "name": "Search by partOf in Location with multipleOr",
        "description": "This SearchParameter enables query of Location by `partOf` with `mutlipleOr` enabled.",
        "exampleBoolean": false
      },
      {
        "extension": [
          {
            "url": "http://hl7.org/fhir/tools/StructureDefinition/resource-information",
            "valueString": "SearchParameter"
          }
        ],
        "reference": {
          "reference": "SearchParameter/Location-physicalType"
        },
        "name": "Search by physicalType in Location with multipleOr",
        "description": "This SearchParameter enables query of Location by `physicalType` with `mutlipleOr` enabled.",
        "exampleBoolean": false
      },
      {
        "extension": [
          {
            "url": "http://hl7.org/fhir/tools/StructureDefinition/resource-information",
            "valueString": "SearchParameter"
          }
        ],
        "reference": {
          "reference": "SearchParameter/Location-type"
        },
        "name": "Search by type in Location with multipleOr",
        "description": "This SearchParameter enables query of Location by `type` with `mutlipleOr` enabled.",
        "exampleBoolean": false
      },
      {
        "extension": [
          {
            "url": "http://hl7.org/fhir/tools/StructureDefinition/resource-information",
            "valueString": "SearchParameter"
          }
        ],
        "reference": {
          "reference": "SearchParameter/Network-coverage-area"
        },
        "name": "Search by coverage-area in Network with multipleOr",
        "description": "This SearchParameter enables query of Network by `coverage-area` with `mutlipleOr` enabled.",
        "exampleBoolean": false
      },
      {
        "extension": [
          {
            "url": "http://hl7.org/fhir/tools/StructureDefinition/resource-information",
            "valueString": "SearchParameter"
          }
        ],
        "reference": {
          "reference": "SearchParameter/Network-name"
        },
        "name": "Search by name in Network with multipleOr",
        "description": "This SearchParameter enables query of Network by `name` with `mutlipleOr` enabled.",
        "exampleBoolean": false
      },
      {
        "extension": [
          {
            "url": "http://hl7.org/fhir/tools/StructureDefinition/resource-information",
            "valueString": "SearchParameter"
          }
        ],
        "reference": {
          "reference": "SearchParameter/Organization-address"
        },
        "name": "Search by address in Organization with multipleOr",
        "description": "This SearchParameter enables query of Organization by `address` with `mutlipleOr` enabled.",
        "exampleBoolean": false
      },
      {
        "extension": [
          {
            "url": "http://hl7.org/fhir/tools/StructureDefinition/resource-information",
            "valueString": "SearchParameter"
          }
        ],
        "reference": {
          "reference": "SearchParameter/Organization-endpoint"
        },
        "name": "Search by endpoint in Organization with multipleOr",
        "description": "This SearchParameter enables query of Organization by `endpoint` with `mutlipleOr` enabled.",
        "exampleBoolean": false
      },
      {
        "extension": [
          {
            "url": "http://hl7.org/fhir/tools/StructureDefinition/resource-information",
            "valueString": "SearchParameter"
          }
        ],
        "reference": {
          "reference": "SearchParameter/Organization-identifier"
        },
        "name": "Search by identifier in Organization with multipleOr",
        "description": "This SearchParameter enables query of Organization by `identifier` with `mutlipleOr` enabled.",
        "exampleBoolean": false
      },
      {
        "extension": [
          {
            "url": "http://hl7.org/fhir/tools/StructureDefinition/resource-information",
            "valueString": "SearchParameter"
          }
        ],
        "reference": {
          "reference": "SearchParameter/Organization-name"
        },
        "name": "Search by name in Organization with multipleOr",
        "description": "This SearchParameter enables query of Organization by `name` with `mutlipleOr` enabled.",
        "exampleBoolean": false
      },
      {
        "extension": [
          {
            "url": "http://hl7.org/fhir/tools/StructureDefinition/resource-information",
            "valueString": "SearchParameter"
          }
        ],
        "reference": {
          "reference": "SearchParameter/Organization-partOf"
        },
        "name": "Search by partOf in Organization with multipleOr",
        "description": "This SearchParameter enables query of Organization by `partOf` with `mutlipleOr` enabled.",
        "exampleBoolean": false
      },
      {
        "extension": [
          {
            "url": "http://hl7.org/fhir/tools/StructureDefinition/resource-information",
            "valueString": "SearchParameter"
          }
        ],
        "reference": {
          "reference": "SearchParameter/Organization-type"
        },
        "name": "Search by type in Organization with multipleOr",
        "description": "This SearchParameter enables query of Organization by `type` with `mutlipleOr` enabled.",
        "exampleBoolean": false
      },
      {
        "extension": [
          {
            "url": "http://hl7.org/fhir/tools/StructureDefinition/resource-information",
            "valueString": "SearchParameter"
          }
        ],
        "reference": {
          "reference": "SearchParameter/OrganizationAffiliation-endpoint"
        },
        "name": "Search by endpoint in OrganizationAffiliation with multipleOr",
        "description": "This SearchParameter enables query of Organization by `endpoint` with `mutlipleOr` enabled.",
        "exampleBoolean": false
      },
      {
        "extension": [
          {
            "url": "http://hl7.org/fhir/tools/StructureDefinition/resource-information",
            "valueString": "SearchParameter"
          }
        ],
        "reference": {
          "reference": "SearchParameter/OrganizationAffiliation-location"
        },
        "name": "Search by location in OrganizationAffiliation with multipleOr",
        "description": "This SearchParameter enables query of Organization by `location` with `mutlipleOr` enabled.",
        "exampleBoolean": false
      },
      {
        "extension": [
          {
            "url": "http://hl7.org/fhir/tools/StructureDefinition/resource-information",
            "valueString": "SearchParameter"
          }
        ],
        "reference": {
          "reference": "SearchParameter/OrganizationAffiliation-network"
        },
        "name": "Search by network in OrganizationAffiliation with multipleOr",
        "description": "This SearchParameter enables query of Organization by `network` with `mutlipleOr` enabled.",
        "exampleBoolean": false
      },
      {
        "extension": [
          {
            "url": "http://hl7.org/fhir/tools/StructureDefinition/resource-information",
            "valueString": "SearchParameter"
          }
        ],
        "reference": {
          "reference": "SearchParameter/OrganizationAffiliation-participating-organization"
        },
        "name": "Search by participating-organization in OrganizationAffiliation with multipleOr",
        "description": "This SearchParameter enables query of Organization by `participating-organization` with `mutlipleOr` enabled.",
        "exampleBoolean": false
      },
      {
        "extension": [
          {
            "url": "http://hl7.org/fhir/tools/StructureDefinition/resource-information",
            "valueString": "SearchParameter"
          }
        ],
        "reference": {
          "reference": "SearchParameter/OrganizationAffiliation-primary-organization"
        },
        "name": "Search by primary-organization in OrganizationAffiliation with multipleOr",
        "description": "This SearchParameter enables query of Organization by `primary-organization` with `mutlipleOr` enabled.",
        "exampleBoolean": false
      },
      {
        "extension": [
          {
            "url": "http://hl7.org/fhir/tools/StructureDefinition/resource-information",
            "valueString": "SearchParameter"
          }
        ],
        "reference": {
          "reference": "SearchParameter/OrganizationAffiliation-role"
        },
        "name": "Search by role in OrganizationAffiliation with multipleOr",
        "description": "This SearchParameter enables query of Organization by `role` with `mutlipleOr` enabled.",
        "exampleBoolean": false
      },
      {
        "extension": [
          {
            "url": "http://hl7.org/fhir/tools/StructureDefinition/resource-information",
            "valueString": "SearchParameter"
          }
        ],
        "reference": {
          "reference": "SearchParameter/OrganizationAffiliation-service"
        },
        "name": "Search by service in OrganizationAffiliation with multipleOr",
        "description": "This SearchParameter enables query of Organization by `service` with `mutlipleOr` enabled.",
        "exampleBoolean": false
      },
      {
        "extension": [
          {
            "url": "http://hl7.org/fhir/tools/StructureDefinition/resource-information",
            "valueString": "SearchParameter"
          }
        ],
        "reference": {
          "reference": "SearchParameter/OrganizationAffiliation-specialty"
        },
        "name": "Search by specialty in OrganizationAffiliation with multipleOr",
        "description": "This SearchParameter enables query of Organization by `specialty` with `mutlipleOr` enabled.",
        "exampleBoolean": false
      },
      {
        "extension": [
          {
            "url": "http://hl7.org/fhir/tools/StructureDefinition/resource-information",
            "valueString": "Consent"
          }
        ],
        "reference": {
          "reference": "Consent/PatientConsent"
        },
        "name": "PatientConsent",
        "description": "Patient that gives consent",
        "exampleCanonical": "http://hl7.org/fhir/us/directory-exchange/StructureDefinition/NatlDirEx-Restriction"
      },
      {
        "extension": [
          {
            "url": "http://hl7.org/fhir/tools/StructureDefinition/resource-information",
            "valueString": "Organization"
          }
        ],
        "reference": {
          "reference": "Organization/PharmChain"
        },
        "name": "PharmChain",
        "description": "Organization that Provides Pharmacy Services",
        "exampleCanonical": "http://hl7.org/fhir/us/directory-exchange/StructureDefinition/NatlDirEx-Organization"
      },
      {
        "extension": [
          {
            "url": "http://hl7.org/fhir/tools/StructureDefinition/resource-information",
            "valueString": "OrganizationAffiliation"
          }
        ],
        "reference": {
          "reference": "OrganizationAffiliation/PharmChainAffil1"
        },
        "name": "PharmChainAffil1",
        "description": "Organization Affiliation for PharmChain (Retail)",
        "exampleCanonical": "http://hl7.org/fhir/us/directory-exchange/StructureDefinition/NatlDirEx-OrganizationAffiliation"
      },
      {
        "extension": [
          {
            "url": "http://hl7.org/fhir/tools/StructureDefinition/resource-information",
            "valueString": "OrganizationAffiliation"
          }
        ],
        "reference": {
          "reference": "OrganizationAffiliation/PharmChainAffil2"
        },
        "name": "PharmChainAffil2",
        "description": "Organization Affiliation for PharmChain (Compounding)",
        "exampleCanonical": "http://hl7.org/fhir/us/directory-exchange/StructureDefinition/NatlDirEx-OrganizationAffiliation"
      },
      {
        "extension": [
          {
            "url": "http://hl7.org/fhir/tools/StructureDefinition/resource-information",
            "valueString": "OrganizationAffiliation"
          }
        ],
        "reference": {
          "reference": "OrganizationAffiliation/PharmChainAffil3"
        },
        "name": "PharmChainAffil3",
        "description": "Organization Affiliation for PharmChain (MailOrder)",
        "exampleCanonical": "http://hl7.org/fhir/us/directory-exchange/StructureDefinition/NatlDirEx-OrganizationAffiliation"
      },
      {
        "extension": [
          {
            "url": "http://hl7.org/fhir/tools/StructureDefinition/resource-information",
            "valueString": "HealthcareService"
          }
        ],
        "reference": {
          "reference": "HealthcareService/PharmChainCompService"
        },
        "name": "PharmChainCompService",
        "description": "Compound Pharmacy Service provided by PharmacyOrganization A",
        "exampleCanonical": "http://hl7.org/fhir/us/directory-exchange/StructureDefinition/NatlDirEx-HealthcareService"
      },
      {
        "extension": [
          {
            "url": "http://hl7.org/fhir/tools/StructureDefinition/resource-information",
            "valueString": "HealthcareService"
          }
        ],
        "reference": {
          "reference": "HealthcareService/PharmChainMailService"
        },
        "name": "PharmChainMailService",
        "description": "Mail Order Pharmacy Service provided by PharmacyOrganization A",
        "exampleCanonical": "http://hl7.org/fhir/us/directory-exchange/StructureDefinition/NatlDirEx-HealthcareService"
      },
      {
        "extension": [
          {
            "url": "http://hl7.org/fhir/tools/StructureDefinition/resource-information",
            "valueString": "HealthcareService"
          }
        ],
        "reference": {
          "reference": "HealthcareService/PharmChainRetailService"
        },
        "name": "PharmChainRetailService",
        "description": "Pharmacy Service provided by PharmChain",
        "exampleCanonical": "http://hl7.org/fhir/us/directory-exchange/StructureDefinition/NatlDirEx-HealthcareService"
      },
      {
        "extension": [
          {
            "url": "http://hl7.org/fhir/tools/StructureDefinition/resource-information",
            "valueString": "Location"
          }
        ],
        "reference": {
          "reference": "Location/PharmLoc1"
        },
        "name": "PharmLoc1",
        "description": "Location of Pharmacy1 in PharmChain's network",
        "exampleCanonical": "http://hl7.org/fhir/us/directory-exchange/StructureDefinition/NatlDirEx-Location"
      },
      {
        "extension": [
          {
            "url": "http://hl7.org/fhir/tools/StructureDefinition/resource-information",
            "valueString": "Location"
          }
        ],
        "reference": {
          "reference": "Location/PharmLoc2"
        },
        "name": "PharmLoc2",
        "description": "Location of Pharmacy2 in PharmChain's network",
        "exampleCanonical": "http://hl7.org/fhir/us/directory-exchange/StructureDefinition/NatlDirEx-Location"
      },
      {
        "extension": [
          {
            "url": "http://hl7.org/fhir/tools/StructureDefinition/resource-information",
            "valueString": "Location"
          }
        ],
        "reference": {
          "reference": "Location/PharmLoc3"
        },
        "name": "PharmLoc3",
        "description": "Location of Pharmacy3 in PharmChain's network",
        "exampleCanonical": "http://hl7.org/fhir/us/directory-exchange/StructureDefinition/NatlDirEx-Location"
      },
      {
        "extension": [
          {
            "url": "http://hl7.org/fhir/tools/StructureDefinition/resource-information",
            "valueString": "Location"
          }
        ],
        "reference": {
          "reference": "Location/PharmLoc4"
        },
        "name": "PharmLoc4",
        "description": "Location of Pharmacy4 in PharmChain's network",
        "exampleCanonical": "http://hl7.org/fhir/us/directory-exchange/StructureDefinition/NatlDirEx-Location"
      },
      {
        "extension": [
          {
            "url": "http://hl7.org/fhir/tools/StructureDefinition/resource-information",
            "valueString": "VerificationResult"
          }
        ],
        "reference": {
          "reference": "VerificationResult/ProviderAttestation"
        },
        "name": "ProviderAttestation",
        "description": "Patient that gives consent",
        "exampleCanonical": "http://hl7.org/fhir/us/directory-exchange/StructureDefinition/NatlDirEx-Validation"
      },
      {
        "extension": [
          {
            "url": "http://hl7.org/fhir/tools/StructureDefinition/resource-information",
            "valueString": "Location"
          }
        ],
        "reference": {
          "reference": "Location/StateOfCTLocation"
        },
        "name": "StateOfCTLocation",
        "description": "State of CT Area",
        "exampleCanonical": "http://hl7.org/fhir/us/directory-exchange/StructureDefinition/NatlDirEx-Location"
      },
      {
        "extension": [
          {
            "url": "http://hl7.org/fhir/tools/StructureDefinition/resource-information",
            "valueString": "SearchParameter"
          }
        ],
        "reference": {
          "reference": "SearchParameter/VerificationResult-attestation-who"
        },
        "name": "Search by attestation-who in VerificationResult with multipleOr",
        "description": "This SearchParameter enables query of VerificationResult by `attestation-who` with `mutlipleOr` enabled.",
        "exampleBoolean": false
      },
      {
        "extension": [
          {
            "url": "http://hl7.org/fhir/tools/StructureDefinition/resource-information",
            "valueString": "SearchParameter"
          }
        ],
        "reference": {
          "reference": "SearchParameter/VerificationResult-primarysource-who"
        },
        "name": "Search by primarysource-who in VerificationResult with multipleOr",
        "description": "This SearchParameter enables query of VerificationResult by `primarysource-who` with `mutlipleOr` enabled.",
        "exampleBoolean": false
      },
      {
        "extension": [
          {
            "url": "http://hl7.org/fhir/tools/StructureDefinition/resource-information",
            "valueString": "SearchParameter"
          }
        ],
        "reference": {
          "reference": "SearchParameter/VerificationResult-target"
        },
        "name": "Search by target in InsurancePlan with multipleOr",
        "description": "This SearchParameter enables query of VerificationResult by `target` with `mutlipleOr` enabled.",
        "exampleBoolean": false
      },
      {
        "extension": [
          {
            "url": "http://hl7.org/fhir/tools/StructureDefinition/resource-information",
            "valueString": "HealthcareService"
          }
        ],
        "reference": {
          "reference": "HealthcareService/VirtualCounselService"
        },
        "name": "VirtualCounselService",
        "description": "Virtual Counseling Service",
        "exampleCanonical": "http://hl7.org/fhir/us/directory-exchange/StructureDefinition/NatlDirEx-HealthcareService"
      },
      {
        "extension": [
          {
            "url": "http://hl7.org/fhir/tools/StructureDefinition/resource-information",
            "valueString": "SearchParameter"
          }
        ],
        "reference": {
          "reference": "SearchParameter/careTeam-category"
        },
        "name": "Search by category in CareTeam with multipleOr",
        "description": "This SearchParameter enables query of Careteams by `category` with `mutlipleOr` enabled.",
        "exampleBoolean": false
      },
      {
        "extension": [
          {
            "url": "http://hl7.org/fhir/tools/StructureDefinition/resource-information",
            "valueString": "SearchParameter"
          }
        ],
        "reference": {
          "reference": "SearchParameter/careTeam-endpoint"
        },
        "name": "Search by endpoint in CareTeam with multipleOr",
        "description": "This SearchParameter enables query of Careteams by `endpoint` with `mutlipleOr` enabled.",
        "exampleBoolean": false
      },
      {
        "extension": [
          {
            "url": "http://hl7.org/fhir/tools/StructureDefinition/resource-information",
            "valueString": "SearchParameter"
          }
        ],
        "reference": {
          "reference": "SearchParameter/careTeam-location"
        },
        "name": "Search by location in CareTeam with multipleOr",
        "description": "This SearchParameter enables query of Careteams by `location` with `mutlipleOr` enabled.",
        "exampleBoolean": false
      },
      {
        "extension": [
          {
            "url": "http://hl7.org/fhir/tools/StructureDefinition/resource-information",
            "valueString": "SearchParameter"
          }
        ],
        "reference": {
          "reference": "SearchParameter/careTeam-name"
        },
        "name": "Search by name in CareTeam with multipleOr",
        "description": "This SearchParameter enables query of Careteams by `name` with `mutlipleOr` enabled.",
        "exampleBoolean": false
      },
      {
        "extension": [
          {
            "url": "http://hl7.org/fhir/tools/StructureDefinition/resource-information",
            "valueString": "SearchParameter"
          }
        ],
        "reference": {
          "reference": "SearchParameter/careTeam-organization"
        },
        "name": "Search by organization in CareTeam with multipleOr",
        "description": "This SearchParameter enables query of Careteams by `organization` with `mutlipleOr` enabled.",
        "exampleBoolean": false
      },
      {
        "extension": [
          {
            "url": "http://hl7.org/fhir/tools/StructureDefinition/resource-information",
            "valueString": "SearchParameter"
          }
        ],
        "reference": {
          "reference": "SearchParameter/careTeam-service"
        },
        "name": "Search by service in CareTeam with multipleOr",
        "description": "This SearchParameter enables query of Careteams by `service` with `mutlipleOr` enabled.",
        "exampleBoolean": false
      },
      {
        "extension": [
          {
            "url": "http://hl7.org/fhir/tools/StructureDefinition/resource-information",
            "valueString": "CapabilityStatement"
          }
        ],
        "reference": {
          "reference": "CapabilityStatement/fhir-national-directory"
        },
        "name": "fhir-national-directory",
        "description": "Capabilities for a validated national directory server",
        "exampleBoolean": false
      },
      {
        "extension": [
          {
            "url": "http://hl7.org/fhir/tools/StructureDefinition/resource-information",
            "valueString": "SearchParameter"
          }
        ],
        "reference": {
          "reference": "SearchParameter/practitioner-family"
        },
        "name": "Search by family name in practitioner with multipleOr",
        "description": "This SearchParameter enables query of practitioner by `family` with `mutlipleOr` enabled.",
        "exampleBoolean": false
      },
      {
        "extension": [
          {
            "url": "http://hl7.org/fhir/tools/StructureDefinition/resource-information",
            "valueString": "SearchParameter"
          }
        ],
        "reference": {
          "reference": "SearchParameter/practitioner-given"
        },
        "name": "Search by given name in practitioner with multipleOr",
        "description": "This SearchParameter enables query of practitioner by `given` with `mutlipleOr` enabled.",
        "exampleBoolean": false
      },
      {
        "extension": [
          {
            "url": "http://hl7.org/fhir/tools/StructureDefinition/resource-information",
            "valueString": "SearchParameter"
          }
        ],
        "reference": {
          "reference": "SearchParameter/practitioner-identifier"
        },
        "name": "Search by identifier in practitioner with multipleOr",
        "description": "This SearchParameter enables query of practitioner by `identifier` with `mutlipleOr` enabled.",
        "exampleBoolean": false
      },
      {
        "extension": [
          {
            "url": "http://hl7.org/fhir/tools/StructureDefinition/resource-information",
            "valueString": "SearchParameter"
          }
        ],
        "reference": {
          "reference": "SearchParameter/practitioner-identifier-assigner"
        },
        "name": "Search by identifier-assigner in practitioner with multipleOr",
        "description": "This SearchParameter enables query of practitioner by `identifier-assigner` with `mutlipleOr` enabled.",
        "exampleBoolean": false
      },
      {
        "extension": [
          {
            "url": "http://hl7.org/fhir/tools/StructureDefinition/resource-information",
            "valueString": "SearchParameter"
          }
        ],
        "reference": {
          "reference": "SearchParameter/practitioner-name"
        },
        "name": "Search by name in practitioner with multipleOr",
        "description": "This SearchParameter enables query of practitioner by `name` with `mutlipleOr` enabled.",
        "exampleBoolean": false
      },
      {
        "extension": [
          {
            "url": "http://hl7.org/fhir/tools/StructureDefinition/resource-information",
            "valueString": "SearchParameter"
          }
        ],
        "reference": {
          "reference": "SearchParameter/practitioner-qualification-code"
        },
        "name": "Search by qualification-code in practitioner with multipleOr",
        "description": "This SearchParameter enables query of practitioner by `qualification-code` with `mutlipleOr` enabled.",
        "exampleBoolean": false
      },
      {
        "extension": [
          {
            "url": "http://hl7.org/fhir/tools/StructureDefinition/resource-information",
            "valueString": "SearchParameter"
          }
        ],
        "reference": {
          "reference": "SearchParameter/practitioner-qualification-issuer"
        },
        "name": "Search by qualification-issuer in practitioner with multipleOr",
        "description": "This SearchParameter enables query of practitioner by `qualification-issuer` with `mutlipleOr` enabled.",
        "exampleBoolean": false
      },
      {
        "extension": [
          {
            "url": "http://hl7.org/fhir/tools/StructureDefinition/resource-information",
            "valueString": "SearchParameter"
          }
        ],
        "reference": {
          "reference": "SearchParameter/practitionerRole-endpoint"
        },
        "name": "Search by endpoint in practitionerRole with multipleOr",
        "description": "This SearchParameter enables query of practitionerRole by `endpoint` with `mutlipleOr` enabled.",
        "exampleBoolean": false
      },
      {
        "extension": [
          {
            "url": "http://hl7.org/fhir/tools/StructureDefinition/resource-information",
            "valueString": "SearchParameter"
          }
        ],
        "reference": {
          "reference": "SearchParameter/practitionerRole-location"
        },
        "name": "Search by location in practitionerRole with multipleOr",
        "description": "This SearchParameter enables query of practitionerRole by `location` with `mutlipleOr` enabled.",
        "exampleBoolean": false
      },
      {
        "extension": [
          {
            "url": "http://hl7.org/fhir/tools/StructureDefinition/resource-information",
            "valueString": "SearchParameter"
          }
        ],
        "reference": {
          "reference": "SearchParameter/practitionerRole-network"
        },
        "name": "Search by network in practitionerRole with multipleOr",
        "description": "This SearchParameter enables query of practitionerRole by `network` with `mutlipleOr` enabled.",
        "exampleBoolean": false
      },
      {
        "extension": [
          {
            "url": "http://hl7.org/fhir/tools/StructureDefinition/resource-information",
            "valueString": "SearchParameter"
          }
        ],
        "reference": {
          "reference": "SearchParameter/practitionerRole-organization"
        },
        "name": "Search by organization in practitionerRole with multipleOr",
        "description": "This SearchParameter enables query of practitionerRole by `organization` with `mutlipleOr` enabled.",
        "exampleBoolean": false
      },
      {
        "extension": [
          {
            "url": "http://hl7.org/fhir/tools/StructureDefinition/resource-information",
            "valueString": "SearchParameter"
          }
        ],
        "reference": {
          "reference": "SearchParameter/practitionerRole-practitioner"
        },
        "name": "Search by practitioner in practitionerRole with multipleOr",
        "description": "This SearchParameter enables query of practitionerRole by `practitioner` with `mutlipleOr` enabled.",
        "exampleBoolean": false
      },
      {
        "extension": [
          {
            "url": "http://hl7.org/fhir/tools/StructureDefinition/resource-information",
            "valueString": "SearchParameter"
          }
        ],
        "reference": {
          "reference": "SearchParameter/practitionerRole-role"
        },
        "name": "Search by role in practitionerRole with multipleOr",
        "description": "This SearchParameter enables query of practitionerRole by `role` with `mutlipleOr` enabled.",
        "exampleBoolean": false
      },
      {
        "extension": [
          {
            "url": "http://hl7.org/fhir/tools/StructureDefinition/resource-information",
            "valueString": "SearchParameter"
          }
        ],
        "reference": {
          "reference": "SearchParameter/practitionerRole-service"
        },
        "name": "Search by service in practitionerRole with multipleOr",
        "description": "This SearchParameter enables query of practitionerRole by `service` with `mutlipleOr` enabled.",
        "exampleBoolean": false
      },
      {
        "extension": [
          {
            "url": "http://hl7.org/fhir/tools/StructureDefinition/resource-information",
            "valueString": "SearchParameter"
          }
        ],
        "reference": {
          "reference": "SearchParameter/practitionerRole-specialty"
        },
        "name": "Search by specialty in practitionerRole with multipleOr",
        "description": "This SearchParameter enables query of practitionerRole by `specialty` with `mutlipleOr` enabled.",
        "exampleBoolean": false
      }
    ],
    "page": {
      "nameUrl": "toc.html",
      "title": "Table of Contents",
      "generation": "html",
      "page": [
        {
          "nameUrl": "index.html",
          "title": "Home",
          "generation": "markdown"
        },
        {
          "nameUrl": "all-examples.html",
          "title": "All Examples",
          "generation": "markdown"
        },
        {
          "nameUrl": "bulk-data.html",
          "title": "Bulk Data",
          "generation": "markdown"
        },
        {
          "nameUrl": "capstatements.html",
          "title": "Capstatements",
          "generation": "markdown"
        },
        {
          "nameUrl": "careteam-alias-summary.html",
          "title": "Careteam Alias Summary",
          "generation": "markdown"
        },
        {
          "nameUrl": "conformance.html",
          "title": "Conformance",
          "generation": "markdown"
        },
        {
          "nameUrl": "downloads.html",
          "title": "Downloads",
          "generation": "markdown"
        },
        {
          "nameUrl": "example-list-generator.html",
          "title": "Example List Generator",
          "generation": "markdown"
        },
        {
          "nameUrl": "examples.html",
          "title": "Examples",
          "generation": "html"
        },
        {
          "nameUrl": "extensions.html",
          "title": "Extensions",
          "generation": "markdown"
        },
        {
          "nameUrl": "general-guidance.html",
          "title": "General Guidance",
          "generation": "markdown"
        },
        {
          "nameUrl": "general-guidanceOld.html",
          "title": "General Guidance Old",
          "generation": "markdown"
        },
        {
          "nameUrl": "guidance.html",
          "title": "Guidance",
          "generation": "markdown"
        },
        {
          "nameUrl": "history.html",
          "title": "History",
          "generation": "markdown"
        },
        {
          "nameUrl": "link-list.html",
          "title": "Link List",
          "generation": "markdown"
        },
        {
          "nameUrl": "logo.html",
          "title": "Logo",
          "generation": "markdown"
        },
        {
          "nameUrl": "profiles.html",
          "title": "Profiles",
          "generation": "markdown"
        },
        {
          "nameUrl": "schematron-list-generator.html",
          "title": "Schematron List Generator",
          "generation": "markdown"
        },
        {
          "nameUrl": "searchparameters.html",
          "title": "Searchparameters",
          "generation": "markdown"
        },
        {
          "nameUrl": "security.html",
          "title": "Security",
          "generation": "markdown"
        },
        {
          "nameUrl": "technical-guidance.html",
          "title": "Technical Guidance",
          "generation": "markdown"
        },
        {
          "nameUrl": "terminology.html",
          "title": "Terminology",
          "generation": "markdown"
        },
        {
          "nameUrl": "todo.html",
          "title": "Todo",
          "generation": "markdown"
        }
      ]
    },
    "parameter": [
      {
        "code": "path-resource",
        "value": "input/capabilities"
      },
      {
        "code": "path-resource",
        "value": "input/examples"
      },
      {
        "code": "path-resource",
        "value": "input/extensions"
      },
      {
        "code": "path-resource",
        "value": "input/models"
      },
      {
        "code": "path-resource",
        "value": "input/operations"
      },
      {
        "code": "path-resource",
        "value": "input/profiles"
      },
      {
        "code": "path-resource",
        "value": "input/resources"
      },
      {
        "code": "path-resource",
        "value": "input/vocabulary"
      },
      {
        "code": "path-resource",
        "value": "input/maps"
      },
      {
        "code": "path-resource",
        "value": "input/testing"
      },
      {
        "code": "path-resource",
        "value": "input/history"
      },
      {
        "code": "path-resource",
        "value": "fsh-generated/resources"
      },
      {
        "code": "path-pages",
        "value": "template/config"
      },
      {
        "code": "path-pages",
        "value": "input/images"
      },
      {
        "code": "path-tx-cache",
        "value": "input-cache/txcache"
      }
    ]
  }
}