{
  "resourceType": "OrganizationAffiliation",
  "id": "PharmChainAffil2",
  "meta": {
    "lastUpdated": "2020-07-07T13:26:22.0314215+00:00",
    "profile": [
      "http://hl7.org/fhir/us/national-healthcare-directory/StructureDefinition/NatlDir-OrganizationAffiliation"
    ]
  },
  "language": "en-US",
  "text": {
    "status": "generated",
    "div": "<div xmlns=\"http://www.w3.org/1999/xhtml\" xml:lang=\"en-US\" lang=\"en-US\"><p><b>Generated Narrative</b></p><p><b>active</b>: true</p><p><b>participatingOrganization</b>: <a href=\"Organization-PharmChain.html\">Generated Summary: language: en-US; id: NPI-ORGA; active: true; <span title=\"Codes: {http://hl7.org/fhir/us/national-healthcare-directory/CodeSystem/OrgTypeCS prvgrp}\">Provider Group</span>; name: Pharm Chain; Phone: (111)-222-3333, https://www.pharmchain.com</a></p><p><b>network</b>: <a href=\"Organization-AcmeofCTStdNet.html\">Generated Summary: language: en-US; active: true; <span title=\"Codes: {http://hl7.org/fhir/us/national-healthcare-directory/CodeSystem/OrgTypeCS ntwk}\">Network</span>; name: ACME CT Preferred Provider Network</a></p><p><b>code</b>: <span title=\"Codes: {http://hl7.org/fhir/us/national-healthcare-directory/CodeSystem/OrganizationAffiliationRoleCS pharmacy}\">Pharmacy</span></p><p><b>specialty</b>: <span title=\"Codes: {http://nucc.org/provider-taxonomy 3336C0004X}\">Compounding Pharmacy</span></p><p><b>location</b>: <a href=\"Location-PharmLoc1.html\">Generated Summary: language: en-US; status: active; name: OrgA CT Location 1; <span title=\"Codes: {http://terminology.hl7.org/CodeSystem/v3-RoleCode OUTPHARM}\">outpatient pharmacy</span>; Phone: (111)-222-3333, https://www.orga.com</a></p><p><b>healthcareService</b>: <a href=\"HealthcareService-PharmChainCompService.html\">Generated Summary: language: en-US; active: true; <span title=\"Codes: {http://hl7.org/fhir/us/national-healthcare-directory/CodeSystem/HealthcareServiceCategoryCS pharm}\">Pharmacy</span>; <span title=\"Codes: {http://nucc.org/provider-taxonomy 3336C0004X}\">Compounding Pharmacy</span>; name: Compounding Pharmacy by OrgA; </a></p></div>"
  },
  "active": true,
  "participatingOrganization": {
    "reference": "Organization/PharmChain"
  },
  "network": [
    {
      "reference": "Organization/AcmeofCTStdNet"
    }
  ],
  "code": [
    {
      "coding": [
        {
          "system": "http://hl7.org/fhir/us/national-healthcare-directory/CodeSystem/OrganizationAffiliationRoleCS",
          "code": "pharmacy"
        }
      ]
    }
  ],
  "specialty": [
    {
      "coding": [
        {
          "system": "http://nucc.org/provider-taxonomy",
          "code": "3336C0004X",
          "display": "Compounding Pharmacy"
        }
      ]
    }
  ],
  "location": [
    {
      "reference": "Location/PharmLoc1"
    }
  ],
  "healthcareService": [
    {
      "reference": "HealthcareService/PharmChainCompService"
    }
  ]
}