{
  "resourceType": "SearchParameter",
  "id": "Endpoint-usecase-standard",
  "text": {
    "status": "generated",
    "div": "<div xmlns=\"http://www.w3.org/1999/xhtml\"><p><b>Generated Narrative: SearchParameter</b></p><div style=\"display: inline-block; background-color: #d9e0e7; padding: 6px; margin: 4px; border: 1px solid #8da1b4; border-radius: 5px; line-height: 60%\"><p style=\"margin-bottom: 0px\">Resource SearchParameter \"Endpoint-usecase-standard\" </p></div><p><b>url</b>: <code>https://build.fhir.org/ig/HL7/fhir-directory-exchange/SearchParameter-endpoint-usecase-standard.html</code></p><p><b>version</b>: 1.0.0-ballot</p><p><b>name</b>: NatDirExNatlDirEndpointQryUsecaseStandard</p><p><b>status</b>: active</p><p><b>date</b>: 2022-08-03 05:01:06-0400</p><p><b>publisher</b>: HL7 Patient Administration Working Group</p><p><b>contact</b>: HL7 Patient Administration Working Group: <a href=\"https://www.hl7.org/Special/committees/pafm\">https://www.hl7.org/Special/committees/pafm</a>,<a href=\"mailto:pafm@lists.HL7.org\">pafm@lists.HL7.org</a></p><p><b>description</b>: Accesses the usecase-standard of an Endpoint</p><p><b>jurisdiction</b>: United States of America <span style=\"background: LightGoldenRodYellow; margin: 4px; border: 1px solid khaki\"> (unknown#US)</span></p><p><b>code</b>: usecase-standard</p><p><b>base</b>: Endpoint</p><p><b>type</b>: token</p><p><b>expression</b>: Endpoint.usecase-standard</p><p><b>multipleOr</b>: true</p><p><b>multipleAnd</b>: true</p></div>"
  },
  "url": "https://build.fhir.org/ig/HL7/fhir-directory-exchange/SearchParameter-endpoint-usecase-standard.html",
  "version": "1.0.0-ballot",
  "name": "NatDirExNatlDirEndpointQryUsecaseStandard",
  "status": "active",
  "date": "2022-08-03T17:01:06-04:00",
  "publisher": "HL7 Patient Administration Working Group",
  "contact": [
    {
      "name": "HL7 Patient Administration Working Group",
      "telecom": [
        {
          "system": "url",
          "value": "https://www.hl7.org/Special/committees/pafm"
        },
        {
          "system": "email",
          "value": "pafm@lists.HL7.org"
        }
      ]
    }
  ],
  "description": "Accesses the usecase-standard of an Endpoint",
  "jurisdiction": [
    {
      "coding": [
        {
          "system": "urn:iso:std:iso:3166",
          "code": "US"
        }
      ]
    }
  ],
  "code": "usecase-standard",
  "base": [
    "Endpoint"
  ],
  "type": "token",
  "expression": "Endpoint.usecase-standard",
  "multipleOr": true,
  "multipleAnd": true
}