{
  "resourceType": "SearchParameter",
  "id": "practitioner-phonetic",
  "text": {
    "status": "generated",
    "div": "<div xmlns=\"http://www.w3.org/1999/xhtml\"><p><b>Generated Narrative</b></p><p><b>url</b>: <code>http://hl7.org/fhir/uv/vhdir/SearchParameter/practitioner-phonetic</code></p><p><b>version</b>: 0.0.1</p><p><b>name</b>: VhDir_sp_practitioner_phonetic</p><p><b>derivedFrom</b>: <a href=\"http://hl7.org/fhir/SearchParameter/individual-phonetic\">http://hl7.org/fhir/SearchParameter/individual-phonetic</a></p><p><b>status</b>: draft</p><p><b>date</b>: 2018-05-23</p><p><b>publisher</b>: HL7 Patient Administration Working Group</p><p><b>contact</b>: HL7 Patient Administration Working Group: <a href=\"https://www.hl7.org/Special/committees/pafm/index.cfm\">https://www.hl7.org/Special/committees/pafm/index.cfm</a>,<a href=\"mailto:pafm@lists.HL7.org\">pafm@lists.HL7.org</a></p><p><b>description</b>: Select Practitioners with the specified name (A portion of name using some kind of phonetic matching algorithm)</p><p><b>jurisdiction</b>: <span title=\"Codes: {urn:iso:std:iso:3166 US}\">United States of America</span></p><p><b>code</b>: phonetic</p><p><b>base</b>: Practitioner</p><p><b>type</b>: string</p><p><b>expression</b>: Practitioner.name</p><p><b>multipleOr</b>: true</p><p><b>multipleAnd</b>: true</p></div>"
  },
  "url": "http://hl7.org/fhir/uv/vhdir/SearchParameter/practitioner-phonetic",
  "version": "0.0.1",
  "name": "VhDir_sp_practitioner_phonetic",
  "derivedFrom": "http://hl7.org/fhir/SearchParameter/individual-phonetic",
  "status": "draft",
  "date": "2018-05-23",
  "publisher": "HL7 Patient Administration Working Group",
  "contact": [
    {
      "name": "HL7 Patient Administration Working Group",
      "telecom": [
        {
          "system": "url",
          "value": "https://www.hl7.org/Special/committees/pafm/index.cfm"
        },
        {
          "system": "email",
          "value": "pafm@lists.HL7.org"
        }
      ]
    }
  ],
  "description": "Select Practitioners with the specified name (A portion of name using some kind of phonetic matching algorithm)",
  "jurisdiction": [
    {
      "coding": [
        {
          "system": "urn:iso:std:iso:3166",
          "code": "US"
        }
      ]
    }
  ],
  "code": "phonetic",
  "base": [
    "Practitioner"
  ],
  "type": "string",
  "expression": "Practitioner.name",
  "multipleOr": true,
  "multipleAnd": true
}